{"count": 332, "results": [{"id": 1, "user_id": 3, "team_id": null, "name": "Hint 2", "description": "Hint for Access 101", "date": "2019-09-08T04:50:24", "value": -1, "category": "hints", "icon": null, "requirements": null, "type": "standard"}, {"id": 2, "user_id": 3, "team_id": null, "name": "Hint 3", "description": "Hint for Access 101", "date": "2019-09-08T04:50:46", "value": -1, "category": "hints", "icon": null, "requirements": null, "type": "standard"}, {"id": 3, "user_id": 3, "team_id": null, "name": "Hint 4", "description": "Hint for Access 101", "date": "2019-09-08T04:50:57", "value": -1, "category": "hints", "icon": null, "requirements": null, "type": "standard"}, {"id": 4, "user_id": 3, "team_id": null, "name": "Hint 5", "description": "Hint for Access 101", "date": "2019-09-08T04:51:15", "value": -1, "category": "hints", "icon": null, "requirements": null, "type": "standard"}, {"id": 5, "user_id": 3, "team_id": null, "name": "Hint 6", "description": "Hint for Access 101", "date": "2019-09-08T04:51:37", "value": -1, "category": "hints", "icon": null, "requirements": null, "type": "standard"}, {"id": 6, "user_id": 3, "team_id": null, "name": "Hint 7", "description": "Hint for Access 101", "date": "2019-09-08T04:52:32", "value": -1, "category": "hints", "icon": null, "requirements": null, "type": "standard"}, {"id": 7, "user_id": 3, "team_id": null, "name": "Hint 8", "description": "Hint for Access 101", "date": "2019-09-08T04:54:53", "value": -4, "category": "hints", "icon": null, "requirements": null, "type": "standard"}, {"id": 8, "user_id": 3, "team_id": null, "name": "Hint 9", "description": "Hint for Access 102", "date": "2019-09-08T05:30:02", "value": -1, "category": "hints", "icon": null, "requirements": null, "type": "standard"}, {"id": 9, "user_id": 3, "team_id": null, "name": "Hint 12", "description": "Hint for Access 102", "date": "2019-09-08T05:30:35", "value": -5, "category": "hints", "icon": null, "requirements": null, "type": "standard"}, {"id": 10, "user_id": 3, "team_id": null, "name": "Hint 10", "description": "Hint for Access 102", "date": "2019-09-08T05:30:42", "value": -1, "category": "hints", "icon": null, "requirements": null, "type": "standard"}, {"id": 11, "user_id": 3, "team_id": null, "name": "Hint 11", "description": "Hint for Access 102", "date": "2019-09-08T05:30:55", "value": -1, "category": "hints", "icon": null, "requirements": null, "type": "standard"}, {"id": 12, "user_id": 3, "team_id": null, "name": "Hint 13", "description": "Hint for Discovery 201", "date": "2019-09-08T05:58:24", "value": -1, "category": "hints", "icon": null, "requirements": null, "type": "standard"}, {"id": 13, "user_id": 3, "team_id": null, "name": "Hint 14", "description": "Hint for Discovery 201", "date": "2019-09-08T05:58:30", "value": -1, "category": "hints", "icon": null, "requirements": null, "type": "standard"}, {"id": 14, "user_id": 3, "team_id": null, "name": "Hint 15", "description": "Hint for Discovery 201", "date": "2019-09-08T05:59:01", "value": -1, "category": "hints", "icon": null, "requirements": null, "type": "standard"}, {"id": 15, "user_id": 3, "team_id": null, "name": "Hint 16", "description": "Hint for Discovery 201", "date": "2019-09-08T05:59:17", "value": -1, "category": "hints", "icon": null, "requirements": null, "type": "standard"}, {"id": 16, "user_id": 3, "team_id": null, "name": "Hint 17", "description": "Hint for Discovery 201", "date": "2019-09-08T05:59:24", "value": -5, "category": "hints", "icon": null, "requirements": null, "type": "standard"}, {"id": 17, "user_id": 3, "team_id": null, "name": "Hint 19", "description": "Hint for Access 201", "date": "2019-09-08T06:41:55", "value": -5, "category": "hints", "icon": null, "requirements": null, "type": "standard"}, {"id": 18, "user_id": 5, "team_id": null, "name": "Hint 1", "description": "Hint for Discovery 101", "date": "2019-09-08T14:13:29", "value": -1, "category": "hints", "icon": null, "requirements": null, "type": "standard"}, {"id": 19, "user_id": 5, "team_id": null, "name": "Hint 3", "description": "Hint for Access 101", "date": "2019-09-08T14:31:17", "value": -1, "category": "hints", "icon": null, "requirements": null, "type": "standard"}, {"id": 20, "user_id": 5, "team_id": null, "name": "Hint 4", "description": "Hint for Access 101", "date": "2019-09-08T14:35:36", "value": -1, "category": "hints", "icon": null, "requirements": null, "type": "standard"}, {"id": 21, "user_id": 5, "team_id": null, "name": "Hint 5", "description": "Hint for Access 101", "date": "2019-09-08T14:39:37", "value": -1, "category": "hints", "icon": null, "requirements": null, "type": "standard"}, {"id": 22, "user_id": 5, "team_id": null, "name": "Hint 6", "description": "Hint for Access 101", "date": "2019-09-08T14:43:00", "value": -1, "category": "hints", "icon": null, "requirements": null, "type": "standard"}, {"id": 23, "user_id": 5, "team_id": null, "name": "Hint 7", "description": "Hint for Access 101", "date": "2019-09-08T14:48:22", "value": -1, "category": "hints", "icon": null, "requirements": null, "type": "standard"}, {"id": 24, "user_id": 5, "team_id": null, "name": "Hint 8", "description": "Hint for Access 101", "date": "2019-09-08T14:48:31", "value": -5, "category": "hints", "icon": null, "requirements": null, "type": "standard"}, {"id": 25, "user_id": 5, "team_id": null, "name": "Hint 9", "description": "Hint for Access 102", "date": "2019-09-08T15:07:40", "value": -1, "category": "hints", "icon": null, "requirements": null, "type": "standard"}, {"id": 26, "user_id": 5, "team_id": null, "name": "Hint 10", "description": "Hint for Access 102", "date": "2019-09-08T15:10:25", "value": -1, "category": "hints", "icon": null, "requirements": null, "type": "standard"}, {"id": 27, "user_id": 5, "team_id": null, "name": "Hint 11", "description": "Hint for Access 102", "date": "2019-09-08T15:18:03", "value": -1, "category": "hints", "icon": null, "requirements": null, "type": "standard"}, {"id": 28, "user_id": 5, "team_id": null, "name": "Hint 12", "description": "Hint for Access 102", "date": "2019-09-08T15:18:57", "value": -5, "category": "hints", "icon": null, "requirements": null, "type": "standard"}, {"id": 29, "user_id": 6, "team_id": null, "name": "Hint 1", "description": "Hint for Discovery 101", "date": "2019-09-08T15:30:14", "value": -1, "category": "hints", "icon": null, "requirements": null, "type": "standard"}, {"id": 30, "user_id": 6, "team_id": null, "name": "Hint 9", "description": "Hint for Access 102", "date": "2019-09-08T15:49:59", "value": -1, "category": "hints", "icon": null, "requirements": null, "type": "standard"}, {"id": 31, "user_id": 6, "team_id": null, "name": "Hint 10", "description": "Hint for Access 102", "date": "2019-09-08T15:50:09", "value": -1, "category": "hints", "icon": null, "requirements": null, "type": "standard"}, {"id": 32, "user_id": 6, "team_id": null, "name": "Hint 11", "description": "Hint for Access 102", "date": "2019-09-08T15:50:19", "value": -1, "category": "hints", "icon": null, "requirements": null, "type": "standard"}, {"id": 33, "user_id": 5, "team_id": null, "name": "Hint 13", "description": "Hint for Discovery 201", "date": "2019-09-08T15:50:24", "value": -1, "category": "hints", "icon": null, "requirements": null, "type": "standard"}, {"id": 34, "user_id": 6, "team_id": null, "name": "Hint 3", "description": "Hint for Access 101", "date": "2019-09-08T15:50:43", "value": -1, "category": "hints", "icon": null, "requirements": null, "type": "standard"}, {"id": 35, "user_id": 6, "team_id": null, "name": "Hint 4", "description": "Hint for Access 101", "date": "2019-09-08T15:50:51", "value": -1, "category": "hints", "icon": null, "requirements": null, "type": "standard"}, {"id": 36, "user_id": 5, "team_id": null, "name": "Hint 14", "description": "Hint for Discovery 201", "date": "2019-09-08T15:51:24", "value": -1, "category": "hints", "icon": null, "requirements": null, "type": "standard"}, {"id": 37, "user_id": 6, "team_id": null, "name": "Hint 5", "description": "Hint for Access 101", "date": "2019-09-08T15:53:03", "value": -1, "category": "hints", "icon": null, "requirements": null, "type": "standard"}, {"id": 38, "user_id": 6, "team_id": null, "name": "Hint 6", "description": "Hint for Access 101", "date": "2019-09-08T15:54:10", "value": -1, "category": "hints", "icon": null, "requirements": null, "type": "standard"}, {"id": 39, "user_id": 6, "team_id": null, "name": "Hint 7", "description": "Hint for Access 101", "date": "2019-09-08T15:54:48", "value": -1, "category": "hints", "icon": null, "requirements": null, "type": "standard"}, {"id": 40, "user_id": 5, "team_id": null, "name": "Hint 15", "description": "Hint for Discovery 201", "date": "2019-09-08T15:57:34", "value": -1, "category": "hints", "icon": null, "requirements": null, "type": "standard"}, {"id": 41, "user_id": 6, "team_id": null, "name": "Hint 8", "description": "Hint for Access 101", "date": "2019-09-08T16:04:38", "value": -5, "category": "hints", "icon": null, "requirements": null, "type": "standard"}, {"id": 42, "user_id": 5, "team_id": null, "name": "Hint 16", "description": "Hint for Discovery 201", "date": "2019-09-08T16:21:22", "value": -1, "category": "hints", "icon": null, "requirements": null, "type": "standard"}, {"id": 43, "user_id": 6, "team_id": null, "name": "Hint 12", "description": "Hint for Access 102", "date": "2019-09-08T16:42:05", "value": -5, "category": "hints", "icon": null, "requirements": null, "type": "standard"}, {"id": 44, "user_id": 6, "team_id": null, "name": "Hint 13", "description": "Hint for Discovery 201", "date": "2019-09-08T16:49:19", "value": -1, "category": "hints", "icon": null, "requirements": null, "type": "standard"}, {"id": 45, "user_id": 5, "team_id": null, "name": "Hint 17", "description": "Hint for Discovery 201", "date": "2019-09-08T16:49:33", "value": -5, "category": "hints", "icon": null, "requirements": null, "type": "standard"}, {"id": 46, "user_id": 6, "team_id": null, "name": "Hint 14", "description": "Hint for Discovery 201", "date": "2019-09-08T16:50:19", "value": -1, "category": "hints", "icon": null, "requirements": null, "type": "standard"}, {"id": 47, "user_id": 6, "team_id": null, "name": "Hint 15", "description": "Hint for Discovery 201", "date": "2019-09-08T16:50:30", "value": -1, "category": "hints", "icon": null, "requirements": null, "type": "standard"}, {"id": 48, "user_id": 6, "team_id": null, "name": "Hint 16", "description": "Hint for Discovery 201", "date": "2019-09-08T16:53:42", "value": -1, "category": "hints", "icon": null, "requirements": null, "type": "standard"}, {"id": 49, "user_id": 6, "team_id": null, "name": "Hint 17", "description": "Hint for Discovery 201", "date": "2019-09-08T16:53:51", "value": -5, "category": "hints", "icon": null, "requirements": null, "type": "standard"}, {"id": 50, "user_id": 14, "team_id": null, "name": "Hint 3", "description": "Hint for Access 101", "date": "2019-09-08T17:10:53", "value": -1, "category": "hints", "icon": null, "requirements": null, "type": "standard"}, {"id": 51, "user_id": 16, "team_id": null, "name": "Hint 3", "description": "Hint for Access 101", "date": "2019-09-08T17:13:22", "value": -1, "category": "hints", "icon": null, "requirements": null, "type": "standard"}, {"id": 52, "user_id": 10, "team_id": null, "name": "Hint 1", "description": "Hint for Discovery 101", "date": "2019-09-08T17:13:35", "value": -1, "category": "hints", "icon": null, "requirements": null, "type": "standard"}, {"id": 53, "user_id": 7, "team_id": null, "name": "Hint 3", "description": "Hint for Access 101", "date": "2019-09-08T17:14:53", "value": -1, "category": "hints", "icon": null, "requirements": null, "type": "standard"}, {"id": 54, "user_id": 17, "team_id": null, "name": "Hint 1", "description": "Hint for Discovery 101", "date": "2019-09-08T17:15:54", "value": -1, "category": "hints", "icon": null, "requirements": null, "type": "standard"}, {"id": 55, "user_id": 18, "team_id": null, "name": "Hint 1", "description": "Hint for Discovery 101", "date": "2019-09-08T17:17:02", "value": -1, "category": "hints", "icon": null, "requirements": null, "type": "standard"}, {"id": 56, "user_id": 14, "team_id": null, "name": "Hint 9", "description": "Hint for Access 102", "date": "2019-09-08T17:17:22", "value": -1, "category": "hints", "icon": null, "requirements": null, "type": "standard"}, {"id": 57, "user_id": 12, "team_id": null, "name": "Hint 3", "description": "Hint for Access 101", "date": "2019-09-08T17:18:52", "value": -1, "category": "hints", "icon": null, "requirements": null, "type": "standard"}, {"id": 58, "user_id": 9, "team_id": null, "name": "Hint 9", "description": "Hint for Access 102", "date": "2019-09-08T17:19:38", "value": -1, "category": "hints", "icon": null, "requirements": null, "type": "standard"}, {"id": 59, "user_id": 12, "team_id": null, "name": "Hint 4", "description": "Hint for Access 101", "date": "2019-09-08T17:20:18", "value": -1, "category": "hints", "icon": null, "requirements": null, "type": "standard"}, {"id": 60, "user_id": 15, "team_id": null, "name": "Hint 1", "description": "Hint for Discovery 101", "date": "2019-09-08T17:20:47", "value": -1, "category": "hints", "icon": null, "requirements": null, "type": "standard"}, {"id": 61, "user_id": 17, "team_id": null, "name": "Hint 3", "description": "Hint for Access 101", "date": "2019-09-08T17:20:51", "value": -1, "category": "hints", "icon": null, "requirements": null, "type": "standard"}, {"id": 62, "user_id": 18, "team_id": null, "name": "Hint 3", "description": "Hint for Access 101", "date": "2019-09-08T17:21:30", "value": -1, "category": "hints", "icon": null, "requirements": null, "type": "standard"}, {"id": 63, "user_id": 17, "team_id": null, "name": "Hint 4", "description": "Hint for Access 101", "date": "2019-09-08T17:22:04", "value": -1, "category": "hints", "icon": null, "requirements": null, "type": "standard"}, {"id": 64, "user_id": 18, "team_id": null, "name": "Hint 4", "description": "Hint for Access 101", "date": "2019-09-08T17:23:53", "value": -1, "category": "hints", "icon": null, "requirements": null, "type": "standard"}, {"id": 65, "user_id": 17, "team_id": null, "name": "Hint 5", "description": "Hint for Access 101", "date": "2019-09-08T17:24:42", "value": -1, "category": "hints", "icon": null, "requirements": null, "type": "standard"}, {"id": 66, "user_id": 14, "team_id": null, "name": "Hint 10", "description": "Hint for Access 102", "date": "2019-09-08T17:24:57", "value": -1, "category": "hints", "icon": null, "requirements": null, "type": "standard"}, {"id": 67, "user_id": 16, "team_id": null, "name": "Hint 4", "description": "Hint for Access 101", "date": "2019-09-08T17:24:59", "value": -1, "category": "hints", "icon": null, "requirements": null, "type": "standard"}, {"id": 68, "user_id": 17, "team_id": null, "name": "Hint 6", "description": "Hint for Access 101", "date": "2019-09-08T17:25:24", "value": -1, "category": "hints", "icon": null, "requirements": null, "type": "standard"}, {"id": 69, "user_id": 9, "team_id": null, "name": "Hint 10", "description": "Hint for Access 102", "date": "2019-09-08T17:25:39", "value": -1, "category": "hints", "icon": null, "requirements": null, "type": "standard"}, {"id": 70, "user_id": 17, "team_id": null, "name": "Hint 7", "description": "Hint for Access 101", "date": "2019-09-08T17:25:45", "value": -1, "category": "hints", "icon": null, "requirements": null, "type": "standard"}, {"id": 71, "user_id": 7, "team_id": null, "name": "Hint 4", "description": "Hint for Access 101", "date": "2019-09-08T17:26:03", "value": -1, "category": "hints", "icon": null, "requirements": null, "type": "standard"}, {"id": 72, "user_id": 17, "team_id": null, "name": "Hint 8", "description": "Hint for Access 101", "date": "2019-09-08T17:26:35", "value": -5, "category": "hints", "icon": null, "requirements": null, "type": "standard"}, {"id": 73, "user_id": 9, "team_id": null, "name": "Hint 11", "description": "Hint for Access 102", "date": "2019-09-08T17:30:36", "value": -1, "category": "hints", "icon": null, "requirements": null, "type": "standard"}, {"id": 74, "user_id": 16, "team_id": null, "name": "Hint 5", "description": "Hint for Access 101", "date": "2019-09-08T17:32:53", "value": -1, "category": "hints", "icon": null, "requirements": null, "type": "standard"}, {"id": 75, "user_id": 16, "team_id": null, "name": "Hint 6", "description": "Hint for Access 101", "date": "2019-09-08T17:34:46", "value": -1, "category": "hints", "icon": null, "requirements": null, "type": "standard"}, {"id": 76, "user_id": 18, "team_id": null, "name": "Hint 5", "description": "Hint for Access 101", "date": "2019-09-08T17:35:59", "value": -1, "category": "hints", "icon": null, "requirements": null, "type": "standard"}, {"id": 77, "user_id": 21, "team_id": null, "name": "Hint 1", "description": "Hint for Discovery 101", "date": "2019-09-08T17:36:03", "value": -1, "category": "hints", "icon": null, "requirements": null, "type": "standard"}, {"id": 78, "user_id": 10, "team_id": null, "name": "Hint 9", "description": "Hint for Access 102", "date": "2019-09-08T17:37:37", "value": -1, "category": "hints", "icon": null, "requirements": null, "type": "standard"}, {"id": 79, "user_id": 14, "team_id": null, "name": "Hint 11", "description": "Hint for Access 102", "date": "2019-09-08T17:37:38", "value": -1, "category": "hints", "icon": null, "requirements": null, "type": "standard"}, {"id": 80, "user_id": 7, "team_id": null, "name": "Hint 5", "description": "Hint for Access 101", "date": "2019-09-08T17:38:10", "value": -1, "category": "hints", "icon": null, "requirements": null, "type": "standard"}, {"id": 81, "user_id": 19, "team_id": null, "name": "Hint 9", "description": "Hint for Access 102", "date": "2019-09-08T17:39:28", "value": -1, "category": "hints", "icon": null, "requirements": null, "type": "standard"}, {"id": 82, "user_id": 18, "team_id": null, "name": "Hint 6", "description": "Hint for Access 101", "date": "2019-09-08T17:39:42", "value": -1, "category": "hints", "icon": null, "requirements": null, "type": "standard"}, {"id": 83, "user_id": 6, "team_id": null, "name": "Hint 18", "description": "Hint for Access 201", "date": "2019-09-08T17:39:56", "value": -1, "category": "hints", "icon": null, "requirements": null, "type": "standard"}, {"id": 84, "user_id": 15, "team_id": null, "name": "Hint 9", "description": "Hint for Access 102", "date": "2019-09-08T17:39:58", "value": -1, "category": "hints", "icon": null, "requirements": null, "type": "standard"}, {"id": 85, "user_id": 21, "team_id": null, "name": "Hint 3", "description": "Hint for Access 101", "date": "2019-09-08T17:40:39", "value": -1, "category": "hints", "icon": null, "requirements": null, "type": "standard"}, {"id": 86, "user_id": 6, "team_id": null, "name": "Hint 19", "description": "Hint for Access 201", "date": "2019-09-08T17:43:31", "value": -5, "category": "hints", "icon": null, "requirements": null, "type": "standard"}, {"id": 87, "user_id": 5, "team_id": null, "name": "Hint 18", "description": "Hint for Access 201", "date": "2019-09-08T17:44:25", "value": -1, "category": "hints", "icon": null, "requirements": null, "type": "standard"}, {"id": 88, "user_id": 18, "team_id": null, "name": "Hint 7", "description": "Hint for Access 101", "date": "2019-09-08T17:45:18", "value": -1, "category": "hints", "icon": null, "requirements": null, "type": "standard"}, {"id": 89, "user_id": 14, "team_id": null, "name": "Hint 12", "description": "Hint for Access 102", "date": "2019-09-08T17:45:31", "value": -5, "category": "hints", "icon": null, "requirements": null, "type": "standard"}, {"id": 90, "user_id": 19, "team_id": null, "name": "Hint 10", "description": "Hint for Access 102", "date": "2019-09-08T17:46:20", "value": -1, "category": "hints", "icon": null, "requirements": null, "type": "standard"}, {"id": 91, "user_id": 18, "team_id": null, "name": "Hint 8", "description": "Hint for Access 101", "date": "2019-09-08T17:46:35", "value": -5, "category": "hints", "icon": null, "requirements": null, "type": "standard"}, {"id": 92, "user_id": 5, "team_id": null, "name": "Hint 19", "description": "Hint for Access 201", "date": "2019-09-08T17:49:32", "value": -5, "category": "hints", "icon": null, "requirements": null, "type": "standard"}, {"id": 93, "user_id": 9, "team_id": null, "name": "Hint 12", "description": "Hint for Access 102", "date": "2019-09-08T17:50:04", "value": -5, "category": "hints", "icon": null, "requirements": null, "type": "standard"}, {"id": 94, "user_id": 6, "team_id": null, "name": "Hint 20", "description": "Hint for Discovery 202", "date": "2019-09-08T17:50:29", "value": -1, "category": "hints", "icon": null, "requirements": null, "type": "standard"}, {"id": 95, "user_id": 6, "team_id": null, "name": "Hint 21", "description": "Hint for Discovery 202", "date": "2019-09-08T17:51:40", "value": -1, "category": "hints", "icon": null, "requirements": null, "type": "standard"}, {"id": 96, "user_id": 6, "team_id": null, "name": "Hint 22", "description": "Hint for Discovery 202", "date": "2019-09-08T17:51:47", "value": -1, "category": "hints", "icon": null, "requirements": null, "type": "standard"}, {"id": 97, "user_id": 6, "team_id": null, "name": "Hint 23", "description": "Hint for Discovery 202", "date": "2019-09-08T17:51:52", "value": -5, "category": "hints", "icon": null, "requirements": null, "type": "standard"}, {"id": 98, "user_id": 18, "team_id": null, "name": "Hint 9", "description": "Hint for Access 102", "date": "2019-09-08T17:52:31", "value": -1, "category": "hints", "icon": null, "requirements": null, "type": "standard"}, {"id": 99, "user_id": 16, "team_id": null, "name": "Hint 9", "description": "Hint for Access 102", "date": "2019-09-08T17:53:03", "value": -1, "category": "hints", "icon": null, "requirements": null, "type": "standard"}, {"id": 100, "user_id": 10, "team_id": null, "name": "Hint 10", "description": "Hint for Access 102", "date": "2019-09-08T17:53:05", "value": -1, "category": "hints", "icon": null, "requirements": null, "type": "standard"}, {"id": 101, "user_id": 19, "team_id": null, "name": "Hint 11", "description": "Hint for Access 102", "date": "2019-09-08T17:53:07", "value": -1, "category": "hints", "icon": null, "requirements": null, "type": "standard"}, {"id": 102, "user_id": 10, "team_id": null, "name": "Hint 5", "description": "Hint for Access 101", "date": "2019-09-08T17:53:18", "value": -1, "category": "hints", "icon": null, "requirements": null, "type": "standard"}, {"id": 103, "user_id": 10, "team_id": null, "name": "Hint 6", "description": "Hint for Access 101", "date": "2019-09-08T17:53:26", "value": -1, "category": "hints", "icon": null, "requirements": null, "type": "standard"}, {"id": 104, "user_id": 15, "team_id": null, "name": "Hint 10", "description": "Hint for Access 102", "date": "2019-09-08T17:58:05", "value": -1, "category": "hints", "icon": null, "requirements": null, "type": "standard"}, {"id": 105, "user_id": 17, "team_id": null, "name": "Hint 9", "description": "Hint for Access 102", "date": "2019-09-08T17:58:35", "value": -1, "category": "hints", "icon": null, "requirements": null, "type": "standard"}, {"id": 106, "user_id": 17, "team_id": null, "name": "Hint 10", "description": "Hint for Access 102", "date": "2019-09-08T17:58:54", "value": -1, "category": "hints", "icon": null, "requirements": null, "type": "standard"}, {"id": 107, "user_id": 17, "team_id": null, "name": "Hint 11", "description": "Hint for Access 102", "date": "2019-09-08T17:59:11", "value": -1, "category": "hints", "icon": null, "requirements": null, "type": "standard"}, {"id": 108, "user_id": 5, "team_id": null, "name": "Hint 20", "description": "Hint for Discovery 202", "date": "2019-09-08T18:00:13", "value": -1, "category": "hints", "icon": null, "requirements": null, "type": "standard"}, {"id": 109, "user_id": 6, "team_id": null, "name": "Hint 24", "description": "Hint for Tunnels 301", "date": "2019-09-08T18:00:55", "value": -1, "category": "hints", "icon": null, "requirements": null, "type": "standard"}, {"id": 110, "user_id": 6, "team_id": null, "name": "Hint 25", "description": "Hint for Tunnels 301", "date": "2019-09-08T18:01:03", "value": -1, "category": "hints", "icon": null, "requirements": null, "type": "standard"}, {"id": 111, "user_id": 5, "team_id": null, "name": "Hint 21", "description": "Hint for Discovery 202", "date": "2019-09-08T18:01:37", "value": -1, "category": "hints", "icon": null, "requirements": null, "type": "standard"}, {"id": 112, "user_id": 16, "team_id": null, "name": "Hint 13", "description": "Hint for Discovery 201", "date": "2019-09-08T18:02:25", "value": -1, "category": "hints", "icon": null, "requirements": null, "type": "standard"}, {"id": 113, "user_id": 16, "team_id": null, "name": "Hint 14", "description": "Hint for Discovery 201", "date": "2019-09-08T18:02:34", "value": -1, "category": "hints", "icon": null, "requirements": null, "type": "standard"}, {"id": 114, "user_id": 18, "team_id": null, "name": "Hint 10", "description": "Hint for Access 102", "date": "2019-09-08T18:02:42", "value": -1, "category": "hints", "icon": null, "requirements": null, "type": "standard"}, {"id": 115, "user_id": 15, "team_id": null, "name": "Hint 11", "description": "Hint for Access 102", "date": "2019-09-08T18:02:47", "value": -1, "category": "hints", "icon": null, "requirements": null, "type": "standard"}, {"id": 116, "user_id": 18, "team_id": null, "name": "Hint 11", "description": "Hint for Access 102", "date": "2019-09-08T18:02:51", "value": -1, "category": "hints", "icon": null, "requirements": null, "type": "standard"}, {"id": 117, "user_id": 16, "team_id": null, "name": "Hint 15", "description": "Hint for Discovery 201", "date": "2019-09-08T18:02:57", "value": -1, "category": "hints", "icon": null, "requirements": null, "type": "standard"}, {"id": 118, "user_id": 18, "team_id": null, "name": "Hint 12", "description": "Hint for Access 102", "date": "2019-09-08T18:03:04", "value": -5, "category": "hints", "icon": null, "requirements": null, "type": "standard"}, {"id": 119, "user_id": 15, "team_id": null, "name": "Hint 12", "description": "Hint for Access 102", "date": "2019-09-08T18:03:20", "value": -5, "category": "hints", "icon": null, "requirements": null, "type": "standard"}, {"id": 120, "user_id": 17, "team_id": null, "name": "Hint 12", "description": "Hint for Access 102", "date": "2019-09-08T18:04:30", "value": -5, "category": "hints", "icon": null, "requirements": null, "type": "standard"}, {"id": 121, "user_id": 15, "team_id": null, "name": "Hint 4", "description": "Hint for Access 101", "date": "2019-09-08T18:08:13", "value": -1, "category": "hints", "icon": null, "requirements": null, "type": "standard"}, {"id": 122, "user_id": 6, "team_id": null, "name": "Hint 26", "description": "Hint for Tunnels 301", "date": "2019-09-08T18:08:23", "value": -1, "category": "hints", "icon": null, "requirements": null, "type": "standard"}, {"id": 123, "user_id": 6, "team_id": null, "name": "Hint 27", "description": "Hint for Tunnels 301", "date": "2019-09-08T18:08:42", "value": -1, "category": "hints", "icon": null, "requirements": null, "type": "standard"}, {"id": 124, "user_id": 10, "team_id": null, "name": "Hint 8", "description": "Hint for Access 101", "date": "2019-09-08T18:10:32", "value": -5, "category": "hints", "icon": null, "requirements": null, "type": "standard"}, {"id": 125, "user_id": 18, "team_id": null, "name": "Hint 13", "description": "Hint for Discovery 201", "date": "2019-09-08T18:10:53", "value": -1, "category": "hints", "icon": null, "requirements": null, "type": "standard"}, {"id": 126, "user_id": 21, "team_id": null, "name": "Hint 4", "description": "Hint for Access 101", "date": "2019-09-08T18:11:46", "value": -1, "category": "hints", "icon": null, "requirements": null, "type": "standard"}, {"id": 127, "user_id": 6, "team_id": null, "name": "Hint 28", "description": "Hint for Tunnels 301", "date": "2019-09-08T18:11:59", "value": -1, "category": "hints", "icon": null, "requirements": null, "type": "standard"}, {"id": 128, "user_id": 21, "team_id": null, "name": "Hint 5", "description": "Hint for Access 101", "date": "2019-09-08T18:12:06", "value": -1, "category": "hints", "icon": null, "requirements": null, "type": "standard"}, {"id": 129, "user_id": 5, "team_id": null, "name": "Hint 22", "description": "Hint for Discovery 202", "date": "2019-09-08T18:13:25", "value": -1, "category": "hints", "icon": null, "requirements": null, "type": "standard"}, {"id": 130, "user_id": 6, "team_id": null, "name": "Hint 30", "description": "Hint for Tunnels 301", "date": "2019-09-08T18:13:37", "value": -1, "category": "hints", "icon": null, "requirements": null, "type": "standard"}, {"id": 131, "user_id": 5, "team_id": null, "name": "Hint 23", "description": "Hint for Discovery 202", "date": "2019-09-08T18:13:43", "value": -5, "category": "hints", "icon": null, "requirements": null, "type": "standard"}, {"id": 132, "user_id": 6, "team_id": null, "name": "Hint 31", "description": "Hint for Tunnels 301", "date": "2019-09-08T18:13:49", "value": -1, "category": "hints", "icon": null, "requirements": null, "type": "standard"}, {"id": 133, "user_id": 19, "team_id": null, "name": "Hint 12", "description": "Hint for Access 102", "date": "2019-09-08T18:13:50", "value": -5, "category": "hints", "icon": null, "requirements": null, "type": "standard"}, {"id": 134, "user_id": 6, "team_id": null, "name": "Hint 29", "description": "Hint for Tunnels 301", "date": "2019-09-08T18:14:12", "value": -1, "category": "hints", "icon": null, "requirements": null, "type": "standard"}, {"id": 135, "user_id": 19, "team_id": null, "name": "Hint 7", "description": "Hint for Access 101", "date": "2019-09-08T18:14:21", "value": -1, "category": "hints", "icon": null, "requirements": null, "type": "standard"}, {"id": 136, "user_id": 9, "team_id": null, "name": "Hint 13", "description": "Hint for Discovery 201", "date": "2019-09-08T18:15:16", "value": -1, "category": "hints", "icon": null, "requirements": null, "type": "standard"}, {"id": 137, "user_id": 17, "team_id": null, "name": "Hint 13", "description": "Hint for Discovery 201", "date": "2019-09-08T18:15:41", "value": -1, "category": "hints", "icon": null, "requirements": null, "type": "standard"}, {"id": 138, "user_id": 6, "team_id": null, "name": "Hint 32", "description": "Hint for Tunnels 301", "date": "2019-09-08T18:15:59", "value": -1, "category": "hints", "icon": null, "requirements": null, "type": "standard"}, {"id": 139, "user_id": 18, "team_id": null, "name": "Hint 14", "description": "Hint for Discovery 201", "date": "2019-09-08T18:16:15", "value": -1, "category": "hints", "icon": null, "requirements": null, "type": "standard"}, {"id": 140, "user_id": 17, "team_id": null, "name": "Hint 14", "description": "Hint for Discovery 201", "date": "2019-09-08T18:16:22", "value": -1, "category": "hints", "icon": null, "requirements": null, "type": "standard"}, {"id": 141, "user_id": 18, "team_id": null, "name": "Hint 15", "description": "Hint for Discovery 201", "date": "2019-09-08T18:16:25", "value": -1, "category": "hints", "icon": null, "requirements": null, "type": "standard"}, {"id": 142, "user_id": 6, "team_id": null, "name": "Hint 33", "description": "Hint for Tunnels 301", "date": "2019-09-08T18:16:26", "value": -1, "category": "hints", "icon": null, "requirements": null, "type": "standard"}, {"id": 143, "user_id": 18, "team_id": null, "name": "Hint 16", "description": "Hint for Discovery 201", "date": "2019-09-08T18:16:36", "value": -1, "category": "hints", "icon": null, "requirements": null, "type": "standard"}, {"id": 144, "user_id": 6, "team_id": null, "name": "Hint 34", "description": "Hint for Tunnels 301", "date": "2019-09-08T18:16:38", "value": -5, "category": "hints", "icon": null, "requirements": null, "type": "standard"}, {"id": 145, "user_id": 13, "team_id": null, "name": "Hint 5", "description": "Hint for Access 101", "date": "2019-09-08T18:16:44", "value": -1, "category": "hints", "icon": null, "requirements": null, "type": "standard"}, {"id": 146, "user_id": 17, "team_id": null, "name": "Hint 15", "description": "Hint for Discovery 201", "date": "2019-09-08T18:16:46", "value": -1, "category": "hints", "icon": null, "requirements": null, "type": "standard"}, {"id": 147, "user_id": 17, "team_id": null, "name": "Hint 16", "description": "Hint for Discovery 201", "date": "2019-09-08T18:17:06", "value": -1, "category": "hints", "icon": null, "requirements": null, "type": "standard"}, {"id": 148, "user_id": 17, "team_id": null, "name": "Hint 17", "description": "Hint for Discovery 201", "date": "2019-09-08T18:18:33", "value": -5, "category": "hints", "icon": null, "requirements": null, "type": "standard"}, {"id": 149, "user_id": 9, "team_id": null, "name": "Hint 14", "description": "Hint for Discovery 201", "date": "2019-09-08T18:18:59", "value": -1, "category": "hints", "icon": null, "requirements": null, "type": "standard"}, {"id": 150, "user_id": 19, "team_id": null, "name": "Hint 8", "description": "Hint for Access 101", "date": "2019-09-08T18:19:26", "value": -5, "category": "hints", "icon": null, "requirements": null, "type": "standard"}, {"id": 151, "user_id": 10, "team_id": null, "name": "Hint 11", "description": "Hint for Access 102", "date": "2019-09-08T18:19:38", "value": -1, "category": "hints", "icon": null, "requirements": null, "type": "standard"}, {"id": 152, "user_id": 19, "team_id": null, "name": "Hint 3", "description": "Hint for Access 101", "date": "2019-09-08T18:19:53", "value": -1, "category": "hints", "icon": null, "requirements": null, "type": "standard"}, {"id": 153, "user_id": 14, "team_id": null, "name": "Hint 13", "description": "Hint for Discovery 201", "date": "2019-09-08T18:21:13", "value": -1, "category": "hints", "icon": null, "requirements": null, "type": "standard"}, {"id": 154, "user_id": 9, "team_id": null, "name": "Hint 15", "description": "Hint for Discovery 201", "date": "2019-09-08T18:22:50", "value": -1, "category": "hints", "icon": null, "requirements": null, "type": "standard"}, {"id": 155, "user_id": 16, "team_id": null, "name": "Hint 20", "description": "Hint for Discovery 202", "date": "2019-09-08T18:22:53", "value": -1, "category": "hints", "icon": null, "requirements": null, "type": "standard"}, {"id": 156, "user_id": 16, "team_id": null, "name": "Hint 21", "description": "Hint for Discovery 202", "date": "2019-09-08T18:23:03", "value": -1, "category": "hints", "icon": null, "requirements": null, "type": "standard"}, {"id": 157, "user_id": 14, "team_id": null, "name": "Hint 14", "description": "Hint for Discovery 201", "date": "2019-09-08T18:23:35", "value": -1, "category": "hints", "icon": null, "requirements": null, "type": "standard"}, {"id": 158, "user_id": 7, "team_id": null, "name": "Hint 9", "description": "Hint for Access 102", "date": "2019-09-08T18:24:38", "value": -1, "category": "hints", "icon": null, "requirements": null, "type": "standard"}, {"id": 159, "user_id": 7, "team_id": null, "name": "Hint 10", "description": "Hint for Access 102", "date": "2019-09-08T18:24:46", "value": -1, "category": "hints", "icon": null, "requirements": null, "type": "standard"}, {"id": 160, "user_id": 14, "team_id": null, "name": "Hint 15", "description": "Hint for Discovery 201", "date": "2019-09-08T18:25:24", "value": -1, "category": "hints", "icon": null, "requirements": null, "type": "standard"}, {"id": 161, "user_id": 13, "team_id": null, "name": "Hint 6", "description": "Hint for Access 101", "date": "2019-09-08T18:26:07", "value": -1, "category": "hints", "icon": null, "requirements": null, "type": "standard"}, {"id": 162, "user_id": 12, "team_id": null, "name": "Hint 7", "description": "Hint for Access 101", "date": "2019-09-08T18:27:01", "value": -1, "category": "hints", "icon": null, "requirements": null, "type": "standard"}, {"id": 163, "user_id": 12, "team_id": null, "name": "Hint 8", "description": "Hint for Access 101", "date": "2019-09-08T18:27:52", "value": -5, "category": "hints", "icon": null, "requirements": null, "type": "standard"}, {"id": 164, "user_id": 14, "team_id": null, "name": "Hint 16", "description": "Hint for Discovery 201", "date": "2019-09-08T18:27:52", "value": -1, "category": "hints", "icon": null, "requirements": null, "type": "standard"}, {"id": 165, "user_id": 16, "team_id": null, "name": "Hint 24", "description": "Hint for Tunnels 301", "date": "2019-09-08T18:28:22", "value": -1, "category": "hints", "icon": null, "requirements": null, "type": "standard"}, {"id": 166, "user_id": 18, "team_id": null, "name": "Hint 17", "description": "Hint for Discovery 201", "date": "2019-09-08T18:29:42", "value": -5, "category": "hints", "icon": null, "requirements": null, "type": "standard"}, {"id": 167, "user_id": 21, "team_id": null, "name": "Hint 6", "description": "Hint for Access 101", "date": "2019-09-08T18:32:04", "value": -1, "category": "hints", "icon": null, "requirements": null, "type": "standard"}, {"id": 168, "user_id": 5, "team_id": null, "name": "Hint 24", "description": "Hint for Tunnels 301", "date": "2019-09-08T18:34:24", "value": -1, "category": "hints", "icon": null, "requirements": null, "type": "standard"}, {"id": 169, "user_id": 10, "team_id": null, "name": "Hint 12", "description": "Hint for Access 102", "date": "2019-09-08T18:34:38", "value": -5, "category": "hints", "icon": null, "requirements": null, "type": "standard"}, {"id": 170, "user_id": 16, "team_id": null, "name": "Hint 25", "description": "Hint for Tunnels 301", "date": "2019-09-08T18:34:41", "value": -1, "category": "hints", "icon": null, "requirements": null, "type": "standard"}, {"id": 171, "user_id": 5, "team_id": null, "name": "Hint 25", "description": "Hint for Tunnels 301", "date": "2019-09-08T18:35:03", "value": -1, "category": "hints", "icon": null, "requirements": null, "type": "standard"}, {"id": 172, "user_id": 5, "team_id": null, "name": "Hint 26", "description": "Hint for Tunnels 301", "date": "2019-09-08T18:35:22", "value": -1, "category": "hints", "icon": null, "requirements": null, "type": "standard"}, {"id": 173, "user_id": 5, "team_id": null, "name": "Hint 28", "description": "Hint for Tunnels 301", "date": "2019-09-08T18:35:52", "value": -1, "category": "hints", "icon": null, "requirements": null, "type": "standard"}, {"id": 174, "user_id": 5, "team_id": null, "name": "Hint 29", "description": "Hint for Tunnels 301", "date": "2019-09-08T18:38:32", "value": -1, "category": "hints", "icon": null, "requirements": null, "type": "standard"}, {"id": 175, "user_id": 5, "team_id": null, "name": "Hint 34", "description": "Hint for Tunnels 301", "date": "2019-09-08T18:38:45", "value": -5, "category": "hints", "icon": null, "requirements": null, "type": "standard"}, {"id": 176, "user_id": 16, "team_id": null, "name": "Hint 26", "description": "Hint for Tunnels 301", "date": "2019-09-08T18:40:10", "value": -1, "category": "hints", "icon": null, "requirements": null, "type": "standard"}, {"id": 177, "user_id": 21, "team_id": null, "name": "Hint 9", "description": "Hint for Access 102", "date": "2019-09-08T18:41:26", "value": -1, "category": "hints", "icon": null, "requirements": null, "type": "standard"}, {"id": 178, "user_id": 18, "team_id": null, "name": "Hint 20", "description": "Hint for Discovery 202", "date": "2019-09-08T18:41:30", "value": -1, "category": "hints", "icon": null, "requirements": null, "type": "standard"}, {"id": 179, "user_id": 18, "team_id": null, "name": "Hint 21", "description": "Hint for Discovery 202", "date": "2019-09-08T18:43:29", "value": -1, "category": "hints", "icon": null, "requirements": null, "type": "standard"}, {"id": 180, "user_id": 7, "team_id": null, "name": "Hint 11", "description": "Hint for Access 102", "date": "2019-09-08T18:43:51", "value": -1, "category": "hints", "icon": null, "requirements": null, "type": "standard"}, {"id": 181, "user_id": 19, "team_id": null, "name": "Hint 13", "description": "Hint for Discovery 201", "date": "2019-09-08T18:44:06", "value": -1, "category": "hints", "icon": null, "requirements": null, "type": "standard"}, {"id": 182, "user_id": 7, "team_id": null, "name": "Hint 12", "description": "Hint for Access 102", "date": "2019-09-08T18:45:26", "value": -5, "category": "hints", "icon": null, "requirements": null, "type": "standard"}, {"id": 183, "user_id": 18, "team_id": null, "name": "Hint 22", "description": "Hint for Discovery 202", "date": "2019-09-08T18:46:06", "value": -1, "category": "hints", "icon": null, "requirements": null, "type": "standard"}, {"id": 184, "user_id": 7, "team_id": null, "name": "Hint 6", "description": "Hint for Access 101", "date": "2019-09-08T18:46:10", "value": -1, "category": "hints", "icon": null, "requirements": null, "type": "standard"}, {"id": 185, "user_id": 18, "team_id": null, "name": "Hint 23", "description": "Hint for Discovery 202", "date": "2019-09-08T18:46:20", "value": -5, "category": "hints", "icon": null, "requirements": null, "type": "standard"}, {"id": 186, "user_id": 9, "team_id": null, "name": "Hint 18", "description": "Hint for Access 201", "date": "2019-09-08T18:46:27", "value": -1, "category": "hints", "icon": null, "requirements": null, "type": "standard"}, {"id": 187, "user_id": 16, "team_id": null, "name": "Hint 27", "description": "Hint for Tunnels 301", "date": "2019-09-08T18:46:48", "value": -1, "category": "hints", "icon": null, "requirements": null, "type": "standard"}, {"id": 188, "user_id": 10, "team_id": null, "name": "Hint 13", "description": "Hint for Discovery 201", "date": "2019-09-08T18:47:47", "value": -1, "category": "hints", "icon": null, "requirements": null, "type": "standard"}, {"id": 189, "user_id": 19, "team_id": null, "name": "Hint 14", "description": "Hint for Discovery 201", "date": "2019-09-08T18:48:14", "value": -1, "category": "hints", "icon": null, "requirements": null, "type": "standard"}, {"id": 190, "user_id": 14, "team_id": null, "name": "Hint 18", "description": "Hint for Access 201", "date": "2019-09-08T18:48:42", "value": -1, "category": "hints", "icon": null, "requirements": null, "type": "standard"}, {"id": 191, "user_id": 10, "team_id": null, "name": "Hint 14", "description": "Hint for Discovery 201", "date": "2019-09-08T18:49:03", "value": -1, "category": "hints", "icon": null, "requirements": null, "type": "standard"}, {"id": 192, "user_id": 18, "team_id": null, "name": "Hint 24", "description": "Hint for Tunnels 301", "date": "2019-09-08T18:49:13", "value": -1, "category": "hints", "icon": null, "requirements": null, "type": "standard"}, {"id": 193, "user_id": 10, "team_id": null, "name": "Hint 15", "description": "Hint for Discovery 201", "date": "2019-09-08T18:49:14", "value": -1, "category": "hints", "icon": null, "requirements": null, "type": "standard"}, {"id": 194, "user_id": 19, "team_id": null, "name": "Hint 15", "description": "Hint for Discovery 201", "date": "2019-09-08T18:49:40", "value": -1, "category": "hints", "icon": null, "requirements": null, "type": "standard"}, {"id": 195, "user_id": 13, "team_id": null, "name": "Hint 8", "description": "Hint for Access 101", "date": "2019-09-08T18:49:57", "value": -5, "category": "hints", "icon": null, "requirements": null, "type": "standard"}, {"id": 196, "user_id": 9, "team_id": null, "name": "Hint 20", "description": "Hint for Discovery 202", "date": "2019-09-08T18:50:57", "value": -1, "category": "hints", "icon": null, "requirements": null, "type": "standard"}, {"id": 197, "user_id": 21, "team_id": null, "name": "Hint 10", "description": "Hint for Access 102", "date": "2019-09-08T18:51:33", "value": -1, "category": "hints", "icon": null, "requirements": null, "type": "standard"}, {"id": 198, "user_id": 23, "team_id": null, "name": "Hint 8", "description": "Hint for Access 101", "date": "2019-09-08T18:51:50", "value": -5, "category": "hints", "icon": null, "requirements": null, "type": "standard"}, {"id": 199, "user_id": 18, "team_id": null, "name": "Hint 25", "description": "Hint for Tunnels 301", "date": "2019-09-08T18:52:05", "value": -1, "category": "hints", "icon": null, "requirements": null, "type": "standard"}, {"id": 200, "user_id": 18, "team_id": null, "name": "Hint 26", "description": "Hint for Tunnels 301", "date": "2019-09-08T18:52:14", "value": -1, "category": "hints", "icon": null, "requirements": null, "type": "standard"}, {"id": 201, "user_id": 18, "team_id": null, "name": "Hint 27", "description": "Hint for Tunnels 301", "date": "2019-09-08T18:52:25", "value": -1, "category": "hints", "icon": null, "requirements": null, "type": "standard"}, {"id": 202, "user_id": 9, "team_id": null, "name": "Hint 21", "description": "Hint for Discovery 202", "date": "2019-09-08T18:52:29", "value": -1, "category": "hints", "icon": null, "requirements": null, "type": "standard"}, {"id": 203, "user_id": 18, "team_id": null, "name": "Hint 34", "description": "Hint for Tunnels 301", "date": "2019-09-08T18:52:42", "value": -5, "category": "hints", "icon": null, "requirements": null, "type": "standard"}, {"id": 204, "user_id": 18, "team_id": null, "name": "Hint 33", "description": "Hint for Tunnels 301", "date": "2019-09-08T18:54:39", "value": -1, "category": "hints", "icon": null, "requirements": null, "type": "standard"}, {"id": 205, "user_id": 9, "team_id": null, "name": "Hint 22", "description": "Hint for Discovery 202", "date": "2019-09-08T18:54:46", "value": -1, "category": "hints", "icon": null, "requirements": null, "type": "standard"}, {"id": 206, "user_id": 18, "team_id": null, "name": "Hint 32", "description": "Hint for Tunnels 301", "date": "2019-09-08T18:54:53", "value": -1, "category": "hints", "icon": null, "requirements": null, "type": "standard"}, {"id": 207, "user_id": 10, "team_id": null, "name": "Hint 16", "description": "Hint for Discovery 201", "date": "2019-09-08T18:55:41", "value": -1, "category": "hints", "icon": null, "requirements": null, "type": "standard"}, {"id": 208, "user_id": 9, "team_id": null, "name": "Hint 24", "description": "Hint for Tunnels 301", "date": "2019-09-08T18:55:54", "value": -1, "category": "hints", "icon": null, "requirements": null, "type": "standard"}, {"id": 209, "user_id": 18, "team_id": null, "name": "Hint 30", "description": "Hint for Tunnels 301", "date": "2019-09-08T18:56:07", "value": -1, "category": "hints", "icon": null, "requirements": null, "type": "standard"}, {"id": 210, "user_id": 14, "team_id": null, "name": "Hint 20", "description": "Hint for Discovery 202", "date": "2019-09-08T18:57:23", "value": -1, "category": "hints", "icon": null, "requirements": null, "type": "standard"}, {"id": 211, "user_id": 21, "team_id": null, "name": "Hint 11", "description": "Hint for Access 102", "date": "2019-09-08T18:59:29", "value": -1, "category": "hints", "icon": null, "requirements": null, "type": "standard"}, {"id": 212, "user_id": 17, "team_id": null, "name": "Hint 18", "description": "Hint for Access 201", "date": "2019-09-08T18:59:37", "value": -1, "category": "hints", "icon": null, "requirements": null, "type": "standard"}, {"id": 213, "user_id": 9, "team_id": null, "name": "Hint 25", "description": "Hint for Tunnels 301", "date": "2019-09-08T18:59:42", "value": -1, "category": "hints", "icon": null, "requirements": null, "type": "standard"}, {"id": 214, "user_id": 10, "team_id": null, "name": "Hint 17", "description": "Hint for Discovery 201", "date": "2019-09-08T19:00:02", "value": -5, "category": "hints", "icon": null, "requirements": null, "type": "standard"}, {"id": 215, "user_id": 9, "team_id": null, "name": "Hint 26", "description": "Hint for Tunnels 301", "date": "2019-09-08T19:00:28", "value": -1, "category": "hints", "icon": null, "requirements": null, "type": "standard"}, {"id": 216, "user_id": 16, "team_id": null, "name": "Hint 28", "description": "Hint for Tunnels 301", "date": "2019-09-08T19:00:47", "value": -1, "category": "hints", "icon": null, "requirements": null, "type": "standard"}, {"id": 217, "user_id": 18, "team_id": null, "name": "Hint 28", "description": "Hint for Tunnels 301", "date": "2019-09-08T19:00:47", "value": -1, "category": "hints", "icon": null, "requirements": null, "type": "standard"}, {"id": 218, "user_id": 19, "team_id": null, "name": "Hint 16", "description": "Hint for Discovery 201", "date": "2019-09-08T19:02:41", "value": -1, "category": "hints", "icon": null, "requirements": null, "type": "standard"}, {"id": 219, "user_id": 6, "team_id": null, "name": "Hint 35", "description": "Hint for Tunnels 302", "date": "2019-09-08T19:03:58", "value": -1, "category": "hints", "icon": null, "requirements": null, "type": "standard"}, {"id": 220, "user_id": 6, "team_id": null, "name": "Hint 36", "description": "Hint for Tunnels 302", "date": "2019-09-08T19:04:49", "value": -1, "category": "hints", "icon": null, "requirements": null, "type": "standard"}, {"id": 221, "user_id": 6, "team_id": null, "name": "Hint 37", "description": "Hint for Tunnels 302", "date": "2019-09-08T19:04:59", "value": -1, "category": "hints", "icon": null, "requirements": null, "type": "standard"}, {"id": 222, "user_id": 6, "team_id": null, "name": "Hint 38", "description": "Hint for Tunnels 302", "date": "2019-09-08T19:05:08", "value": -1, "category": "hints", "icon": null, "requirements": null, "type": "standard"}, {"id": 223, "user_id": 7, "team_id": null, "name": "Hint 13", "description": "Hint for Discovery 201", "date": "2019-09-08T19:07:19", "value": -1, "category": "hints", "icon": null, "requirements": null, "type": "standard"}, {"id": 224, "user_id": 18, "team_id": null, "name": "Hint 31", "description": "Hint for Tunnels 301", "date": "2019-09-08T19:07:37", "value": -1, "category": "hints", "icon": null, "requirements": null, "type": "standard"}, {"id": 225, "user_id": 7, "team_id": null, "name": "Hint 14", "description": "Hint for Discovery 201", "date": "2019-09-08T19:07:39", "value": -1, "category": "hints", "icon": null, "requirements": null, "type": "standard"}, {"id": 226, "user_id": 6, "team_id": null, "name": "Hint 39", "description": "Hint for Tunnels 302", "date": "2019-09-08T19:07:45", "value": -5, "category": "hints", "icon": null, "requirements": null, "type": "standard"}, {"id": 227, "user_id": 7, "team_id": null, "name": "Hint 15", "description": "Hint for Discovery 201", "date": "2019-09-08T19:07:51", "value": -1, "category": "hints", "icon": null, "requirements": null, "type": "standard"}, {"id": 228, "user_id": 23, "team_id": null, "name": "Hint 10", "description": "Hint for Access 102", "date": "2019-09-08T19:08:07", "value": -1, "category": "hints", "icon": null, "requirements": null, "type": "standard"}, {"id": 229, "user_id": 23, "team_id": null, "name": "Hint 11", "description": "Hint for Access 102", "date": "2019-09-08T19:08:12", "value": -1, "category": "hints", "icon": null, "requirements": null, "type": "standard"}, {"id": 230, "user_id": 7, "team_id": null, "name": "Hint 16", "description": "Hint for Discovery 201", "date": "2019-09-08T19:08:48", "value": -1, "category": "hints", "icon": null, "requirements": null, "type": "standard"}, {"id": 231, "user_id": 24, "team_id": null, "name": "Hint 12", "description": "Hint for Access 102", "date": "2019-09-08T19:09:10", "value": -5, "category": "hints", "icon": null, "requirements": null, "type": "standard"}, {"id": 232, "user_id": 9, "team_id": null, "name": "Hint 27", "description": "Hint for Tunnels 301", "date": "2019-09-08T19:09:36", "value": -1, "category": "hints", "icon": null, "requirements": null, "type": "standard"}, {"id": 233, "user_id": 17, "team_id": null, "name": "Hint 19", "description": "Hint for Access 201", "date": "2019-09-08T19:09:46", "value": -5, "category": "hints", "icon": null, "requirements": null, "type": "standard"}, {"id": 234, "user_id": 21, "team_id": null, "name": "Hint 12", "description": "Hint for Access 102", "date": "2019-09-08T19:09:52", "value": -5, "category": "hints", "icon": null, "requirements": null, "type": "standard"}, {"id": 235, "user_id": 16, "team_id": null, "name": "Hint 29", "description": "Hint for Tunnels 301", "date": "2019-09-08T19:10:35", "value": -1, "category": "hints", "icon": null, "requirements": null, "type": "standard"}, {"id": 236, "user_id": 16, "team_id": null, "name": "Hint 30", "description": "Hint for Tunnels 301", "date": "2019-09-08T19:10:49", "value": -1, "category": "hints", "icon": null, "requirements": null, "type": "standard"}, {"id": 237, "user_id": 13, "team_id": null, "name": "Hint 13", "description": "Hint for Discovery 201", "date": "2019-09-08T19:12:22", "value": -1, "category": "hints", "icon": null, "requirements": null, "type": "standard"}, {"id": 238, "user_id": 13, "team_id": null, "name": "Hint 14", "description": "Hint for Discovery 201", "date": "2019-09-08T19:12:32", "value": -1, "category": "hints", "icon": null, "requirements": null, "type": "standard"}, {"id": 239, "user_id": 13, "team_id": null, "name": "Hint 15", "description": "Hint for Discovery 201", "date": "2019-09-08T19:12:44", "value": -1, "category": "hints", "icon": null, "requirements": null, "type": "standard"}, {"id": 240, "user_id": 13, "team_id": null, "name": "Hint 16", "description": "Hint for Discovery 201", "date": "2019-09-08T19:13:07", "value": -1, "category": "hints", "icon": null, "requirements": null, "type": "standard"}, {"id": 241, "user_id": 10, "team_id": null, "name": "Hint 18", "description": "Hint for Access 201", "date": "2019-09-08T19:13:09", "value": -1, "category": "hints", "icon": null, "requirements": null, "type": "standard"}, {"id": 242, "user_id": 13, "team_id": null, "name": "Hint 17", "description": "Hint for Discovery 201", "date": "2019-09-08T19:13:27", "value": -5, "category": "hints", "icon": null, "requirements": null, "type": "standard"}, {"id": 243, "user_id": 10, "team_id": null, "name": "Hint 19", "description": "Hint for Access 201", "date": "2019-09-08T19:14:34", "value": -5, "category": "hints", "icon": null, "requirements": null, "type": "standard"}, {"id": 244, "user_id": 17, "team_id": null, "name": "Hint 20", "description": "Hint for Discovery 202", "date": "2019-09-08T19:14:48", "value": -1, "category": "hints", "icon": null, "requirements": null, "type": "standard"}, {"id": 245, "user_id": 21, "team_id": null, "name": "Hint 13", "description": "Hint for Discovery 201", "date": "2019-09-08T19:15:05", "value": -1, "category": "hints", "icon": null, "requirements": null, "type": "standard"}, {"id": 246, "user_id": 17, "team_id": null, "name": "Hint 21", "description": "Hint for Discovery 202", "date": "2019-09-08T19:15:06", "value": -1, "category": "hints", "icon": null, "requirements": null, "type": "standard"}, {"id": 247, "user_id": 17, "team_id": null, "name": "Hint 22", "description": "Hint for Discovery 202", "date": "2019-09-08T19:15:23", "value": -1, "category": "hints", "icon": null, "requirements": null, "type": "standard"}, {"id": 248, "user_id": 21, "team_id": null, "name": "Hint 14", "description": "Hint for Discovery 201", "date": "2019-09-08T19:16:15", "value": -1, "category": "hints", "icon": null, "requirements": null, "type": "standard"}, {"id": 249, "user_id": 17, "team_id": null, "name": "Hint 23", "description": "Hint for Discovery 202", "date": "2019-09-08T19:16:33", "value": -5, "category": "hints", "icon": null, "requirements": null, "type": "standard"}, {"id": 250, "user_id": 10, "team_id": null, "name": "Hint 20", "description": "Hint for Discovery 202", "date": "2019-09-08T19:17:05", "value": -1, "category": "hints", "icon": null, "requirements": null, "type": "standard"}, {"id": 251, "user_id": 10, "team_id": null, "name": "Hint 21", "description": "Hint for Discovery 202", "date": "2019-09-08T19:17:13", "value": -1, "category": "hints", "icon": null, "requirements": null, "type": "standard"}, {"id": 252, "user_id": 19, "team_id": null, "name": "Hint 17", "description": "Hint for Discovery 201", "date": "2019-09-08T19:17:42", "value": -5, "category": "hints", "icon": null, "requirements": null, "type": "standard"}, {"id": 253, "user_id": 18, "team_id": null, "name": "Hint 35", "description": "Hint for Tunnels 302", "date": "2019-09-08T19:17:56", "value": -1, "category": "hints", "icon": null, "requirements": null, "type": "standard"}, {"id": 254, "user_id": 9, "team_id": null, "name": "Hint 28", "description": "Hint for Tunnels 301", "date": "2019-09-08T19:18:38", "value": -1, "category": "hints", "icon": null, "requirements": null, "type": "standard"}, {"id": 255, "user_id": 16, "team_id": null, "name": "Hint 35", "description": "Hint for Tunnels 302", "date": "2019-09-08T19:19:15", "value": -1, "category": "hints", "icon": null, "requirements": null, "type": "standard"}, {"id": 256, "user_id": 10, "team_id": null, "name": "Hint 22", "description": "Hint for Discovery 202", "date": "2019-09-08T19:19:33", "value": -1, "category": "hints", "icon": null, "requirements": null, "type": "standard"}, {"id": 257, "user_id": 18, "team_id": null, "name": "Hint 36", "description": "Hint for Tunnels 302", "date": "2019-09-08T19:19:45", "value": -1, "category": "hints", "icon": null, "requirements": null, "type": "standard"}, {"id": 258, "user_id": 7, "team_id": null, "name": "Hint 20", "description": "Hint for Discovery 202", "date": "2019-09-08T19:19:57", "value": -1, "category": "hints", "icon": null, "requirements": null, "type": "standard"}, {"id": 259, "user_id": 9, "team_id": null, "name": "Hint 29", "description": "Hint for Tunnels 301", "date": "2019-09-08T19:21:16", "value": -1, "category": "hints", "icon": null, "requirements": null, "type": "standard"}, {"id": 260, "user_id": 13, "team_id": null, "name": "Hint 18", "description": "Hint for Access 201", "date": "2019-09-08T19:24:12", "value": -1, "category": "hints", "icon": null, "requirements": null, "type": "standard"}, {"id": 261, "user_id": 13, "team_id": null, "name": "Hint 19", "description": "Hint for Access 201", "date": "2019-09-08T19:24:42", "value": -5, "category": "hints", "icon": null, "requirements": null, "type": "standard"}, {"id": 262, "user_id": 16, "team_id": null, "name": "Hint 36", "description": "Hint for Tunnels 302", "date": "2019-09-08T19:25:37", "value": -1, "category": "hints", "icon": null, "requirements": null, "type": "standard"}, {"id": 263, "user_id": 17, "team_id": null, "name": "Hint 24", "description": "Hint for Tunnels 301", "date": "2019-09-08T19:25:40", "value": -1, "category": "hints", "icon": null, "requirements": null, "type": "standard"}, {"id": 264, "user_id": 17, "team_id": null, "name": "Hint 25", "description": "Hint for Tunnels 301", "date": "2019-09-08T19:25:50", "value": -1, "category": "hints", "icon": null, "requirements": null, "type": "standard"}, {"id": 265, "user_id": 16, "team_id": null, "name": "Hint 37", "description": "Hint for Tunnels 302", "date": "2019-09-08T19:25:51", "value": -1, "category": "hints", "icon": null, "requirements": null, "type": "standard"}, {"id": 266, "user_id": 17, "team_id": null, "name": "Hint 26", "description": "Hint for Tunnels 301", "date": "2019-09-08T19:25:55", "value": -1, "category": "hints", "icon": null, "requirements": null, "type": "standard"}, {"id": 267, "user_id": 16, "team_id": null, "name": "Hint 38", "description": "Hint for Tunnels 302", "date": "2019-09-08T19:25:57", "value": -1, "category": "hints", "icon": null, "requirements": null, "type": "standard"}, {"id": 268, "user_id": 7, "team_id": null, "name": "Hint 24", "description": "Hint for Tunnels 301", "date": "2019-09-08T19:26:02", "value": -1, "category": "hints", "icon": null, "requirements": null, "type": "standard"}, {"id": 269, "user_id": 17, "team_id": null, "name": "Hint 27", "description": "Hint for Tunnels 301", "date": "2019-09-08T19:26:04", "value": -1, "category": "hints", "icon": null, "requirements": null, "type": "standard"}, {"id": 270, "user_id": 17, "team_id": null, "name": "Hint 28", "description": "Hint for Tunnels 301", "date": "2019-09-08T19:26:30", "value": -1, "category": "hints", "icon": null, "requirements": null, "type": "standard"}, {"id": 271, "user_id": 14, "team_id": null, "name": "Hint 34", "description": "Hint for Tunnels 301", "date": "2019-09-08T19:27:07", "value": -5, "category": "hints", "icon": null, "requirements": null, "type": "standard"}, {"id": 272, "user_id": 21, "team_id": null, "name": "Hint 15", "description": "Hint for Discovery 201", "date": "2019-09-08T19:27:09", "value": -1, "category": "hints", "icon": null, "requirements": null, "type": "standard"}, {"id": 273, "user_id": 10, "team_id": null, "name": "Hint 24", "description": "Hint for Tunnels 301", "date": "2019-09-08T19:27:27", "value": -1, "category": "hints", "icon": null, "requirements": null, "type": "standard"}, {"id": 274, "user_id": 19, "team_id": null, "name": "Hint 18", "description": "Hint for Access 201", "date": "2019-09-08T19:28:08", "value": -1, "category": "hints", "icon": null, "requirements": null, "type": "standard"}, {"id": 275, "user_id": 10, "team_id": null, "name": "Hint 25", "description": "Hint for Tunnels 301", "date": "2019-09-08T19:29:02", "value": -1, "category": "hints", "icon": null, "requirements": null, "type": "standard"}, {"id": 276, "user_id": 13, "team_id": null, "name": "Hint 20", "description": "Hint for Discovery 202", "date": "2019-09-08T19:29:10", "value": -1, "category": "hints", "icon": null, "requirements": null, "type": "standard"}, {"id": 277, "user_id": 18, "team_id": null, "name": "Hint 37", "description": "Hint for Tunnels 302", "date": "2019-09-08T19:29:11", "value": -1, "category": "hints", "icon": null, "requirements": null, "type": "standard"}, {"id": 278, "user_id": 10, "team_id": null, "name": "Hint 26", "description": "Hint for Tunnels 301", "date": "2019-09-08T19:29:11", "value": -1, "category": "hints", "icon": null, "requirements": null, "type": "standard"}, {"id": 279, "user_id": 18, "team_id": null, "name": "Hint 39", "description": "Hint for Tunnels 302", "date": "2019-09-08T19:29:18", "value": -5, "category": "hints", "icon": null, "requirements": null, "type": "standard"}, {"id": 280, "user_id": 10, "team_id": null, "name": "Hint 28", "description": "Hint for Tunnels 301", "date": "2019-09-08T19:29:23", "value": -1, "category": "hints", "icon": null, "requirements": null, "type": "standard"}, {"id": 281, "user_id": 21, "team_id": null, "name": "Hint 16", "description": "Hint for Discovery 201", "date": "2019-09-08T19:29:25", "value": -1, "category": "hints", "icon": null, "requirements": null, "type": "standard"}, {"id": 282, "user_id": 21, "team_id": null, "name": "Hint 17", "description": "Hint for Discovery 201", "date": "2019-09-08T19:29:36", "value": -5, "category": "hints", "icon": null, "requirements": null, "type": "standard"}, {"id": 283, "user_id": 10, "team_id": null, "name": "Hint 34", "description": "Hint for Tunnels 301", "date": "2019-09-08T19:29:36", "value": -5, "category": "hints", "icon": null, "requirements": null, "type": "standard"}, {"id": 284, "user_id": 13, "team_id": null, "name": "Hint 21", "description": "Hint for Discovery 202", "date": "2019-09-08T19:29:56", "value": -1, "category": "hints", "icon": null, "requirements": null, "type": "standard"}, {"id": 285, "user_id": 17, "team_id": null, "name": "Hint 29", "description": "Hint for Tunnels 301", "date": "2019-09-08T19:30:09", "value": -1, "category": "hints", "icon": null, "requirements": null, "type": "standard"}, {"id": 286, "user_id": 13, "team_id": null, "name": "Hint 22", "description": "Hint for Discovery 202", "date": "2019-09-08T19:30:15", "value": -1, "category": "hints", "icon": null, "requirements": null, "type": "standard"}, {"id": 287, "user_id": 13, "team_id": null, "name": "Hint 23", "description": "Hint for Discovery 202", "date": "2019-09-08T19:30:22", "value": -5, "category": "hints", "icon": null, "requirements": null, "type": "standard"}, {"id": 288, "user_id": 9, "team_id": null, "name": "Hint 30", "description": "Hint for Tunnels 301", "date": "2019-09-08T19:30:28", "value": -1, "category": "hints", "icon": null, "requirements": null, "type": "standard"}, {"id": 289, "user_id": 17, "team_id": null, "name": "Hint 31", "description": "Hint for Tunnels 301", "date": "2019-09-08T19:30:48", "value": -1, "category": "hints", "icon": null, "requirements": null, "type": "standard"}, {"id": 290, "user_id": 17, "team_id": null, "name": "Hint 32", "description": "Hint for Tunnels 301", "date": "2019-09-08T19:31:18", "value": -1, "category": "hints", "icon": null, "requirements": null, "type": "standard"}, {"id": 291, "user_id": 7, "team_id": null, "name": "Hint 25", "description": "Hint for Tunnels 301", "date": "2019-09-08T19:35:19", "value": -1, "category": "hints", "icon": null, "requirements": null, "type": "standard"}, {"id": 292, "user_id": 7, "team_id": null, "name": "Hint 26", "description": "Hint for Tunnels 301", "date": "2019-09-08T19:35:28", "value": -1, "category": "hints", "icon": null, "requirements": null, "type": "standard"}, {"id": 293, "user_id": 19, "team_id": null, "name": "Hint 20", "description": "Hint for Discovery 202", "date": "2019-09-08T19:37:42", "value": -1, "category": "hints", "icon": null, "requirements": null, "type": "standard"}, {"id": 294, "user_id": 19, "team_id": null, "name": "Hint 21", "description": "Hint for Discovery 202", "date": "2019-09-08T19:38:36", "value": -1, "category": "hints", "icon": null, "requirements": null, "type": "standard"}, {"id": 295, "user_id": 7, "team_id": null, "name": "Hint 27", "description": "Hint for Tunnels 301", "date": "2019-09-08T19:39:47", "value": -1, "category": "hints", "icon": null, "requirements": null, "type": "standard"}, {"id": 296, "user_id": 21, "team_id": null, "name": "Hint 20", "description": "Hint for Discovery 202", "date": "2019-09-08T19:40:59", "value": -1, "category": "hints", "icon": null, "requirements": null, "type": "standard"}, {"id": 297, "user_id": 13, "team_id": null, "name": "Hint 24", "description": "Hint for Tunnels 301", "date": "2019-09-08T19:42:35", "value": -1, "category": "hints", "icon": null, "requirements": null, "type": "standard"}, {"id": 298, "user_id": 7, "team_id": null, "name": "Hint 30", "description": "Hint for Tunnels 301", "date": "2019-09-08T19:42:42", "value": -1, "category": "hints", "icon": null, "requirements": null, "type": "standard"}, {"id": 299, "user_id": 13, "team_id": null, "name": "Hint 25", "description": "Hint for Tunnels 301", "date": "2019-09-08T19:42:45", "value": -1, "category": "hints", "icon": null, "requirements": null, "type": "standard"}, {"id": 300, "user_id": 7, "team_id": null, "name": "Hint 29", "description": "Hint for Tunnels 301", "date": "2019-09-08T19:42:52", "value": -1, "category": "hints", "icon": null, "requirements": null, "type": "standard"}, {"id": 301, "user_id": 7, "team_id": null, "name": "Hint 31", "description": "Hint for Tunnels 301", "date": "2019-09-08T19:43:08", "value": -1, "category": "hints", "icon": null, "requirements": null, "type": "standard"}, {"id": 302, "user_id": 18, "team_id": null, "name": "Hint 38", "description": "Hint for Tunnels 302", "date": "2019-09-08T19:43:22", "value": -1, "category": "hints", "icon": null, "requirements": null, "type": "standard"}, {"id": 303, "user_id": 7, "team_id": null, "name": "Hint 32", "description": "Hint for Tunnels 301", "date": "2019-09-08T19:43:24", "value": -1, "category": "hints", "icon": null, "requirements": null, "type": "standard"}, {"id": 304, "user_id": 13, "team_id": null, "name": "Hint 26", "description": "Hint for Tunnels 301", "date": "2019-09-08T19:43:46", "value": -1, "category": "hints", "icon": null, "requirements": null, "type": "standard"}, {"id": 305, "user_id": 19, "team_id": null, "name": "Hint 22", "description": "Hint for Discovery 202", "date": "2019-09-08T19:43:57", "value": -1, "category": "hints", "icon": null, "requirements": null, "type": "standard"}, {"id": 306, "user_id": 13, "team_id": null, "name": "Hint 27", "description": "Hint for Tunnels 301", "date": "2019-09-08T19:44:19", "value": -1, "category": "hints", "icon": null, "requirements": null, "type": "standard"}, {"id": 307, "user_id": 13, "team_id": null, "name": "Hint 28", "description": "Hint for Tunnels 301", "date": "2019-09-08T19:44:51", "value": -1, "category": "hints", "icon": null, "requirements": null, "type": "standard"}, {"id": 308, "user_id": 10, "team_id": null, "name": "Hint 33", "description": "Hint for Tunnels 301", "date": "2019-09-08T19:45:19", "value": -1, "category": "hints", "icon": null, "requirements": null, "type": "standard"}, {"id": 309, "user_id": 21, "team_id": null, "name": "Hint 21", "description": "Hint for Discovery 202", "date": "2019-09-08T19:46:29", "value": -1, "category": "hints", "icon": null, "requirements": null, "type": "standard"}, {"id": 310, "user_id": 10, "team_id": null, "name": "Hint 32", "description": "Hint for Tunnels 301", "date": "2019-09-08T19:47:34", "value": -1, "category": "hints", "icon": null, "requirements": null, "type": "standard"}, {"id": 311, "user_id": 19, "team_id": null, "name": "Hint 24", "description": "Hint for Tunnels 301", "date": "2019-09-08T19:47:42", "value": -1, "category": "hints", "icon": null, "requirements": null, "type": "standard"}, {"id": 312, "user_id": 10, "team_id": null, "name": "Hint 31", "description": "Hint for Tunnels 301", "date": "2019-09-08T19:47:43", "value": -1, "category": "hints", "icon": null, "requirements": null, "type": "standard"}, {"id": 313, "user_id": 19, "team_id": null, "name": "Hint 25", "description": "Hint for Tunnels 301", "date": "2019-09-08T19:50:00", "value": -1, "category": "hints", "icon": null, "requirements": null, "type": "standard"}, {"id": 314, "user_id": 19, "team_id": null, "name": "Hint 26", "description": "Hint for Tunnels 301", "date": "2019-09-08T19:51:05", "value": -1, "category": "hints", "icon": null, "requirements": null, "type": "standard"}, {"id": 315, "user_id": 17, "team_id": null, "name": "Hint 34", "description": "Hint for Tunnels 301", "date": "2019-09-08T19:51:35", "value": -5, "category": "hints", "icon": null, "requirements": null, "type": "standard"}, {"id": 316, "user_id": 21, "team_id": null, "name": "Hint 22", "description": "Hint for Discovery 202", "date": "2019-09-08T19:53:20", "value": -1, "category": "hints", "icon": null, "requirements": null, "type": "standard"}, {"id": 317, "user_id": 13, "team_id": null, "name": "Hint 29", "description": "Hint for Tunnels 301", "date": "2019-09-08T19:53:22", "value": -1, "category": "hints", "icon": null, "requirements": null, "type": "standard"}, {"id": 318, "user_id": 13, "team_id": null, "name": "Hint 30", "description": "Hint for Tunnels 301", "date": "2019-09-08T19:53:48", "value": -1, "category": "hints", "icon": null, "requirements": null, "type": "standard"}, {"id": 319, "user_id": 13, "team_id": null, "name": "Hint 31", "description": "Hint for Tunnels 301", "date": "2019-09-08T19:54:00", "value": -1, "category": "hints", "icon": null, "requirements": null, "type": "standard"}, {"id": 320, "user_id": 13, "team_id": null, "name": "Hint 32", "description": "Hint for Tunnels 301", "date": "2019-09-08T19:54:16", "value": -1, "category": "hints", "icon": null, "requirements": null, "type": "standard"}, {"id": 321, "user_id": 13, "team_id": null, "name": "Hint 33", "description": "Hint for Tunnels 301", "date": "2019-09-08T19:54:26", "value": -1, "category": "hints", "icon": null, "requirements": null, "type": "standard"}, {"id": 322, "user_id": 21, "team_id": null, "name": "Hint 23", "description": "Hint for Discovery 202", "date": "2019-09-08T19:56:24", "value": -5, "category": "hints", "icon": null, "requirements": null, "type": "standard"}, {"id": 323, "user_id": 21, "team_id": null, "name": "Hint 24", "description": "Hint for Tunnels 301", "date": "2019-09-08T19:57:37", "value": -1, "category": "hints", "icon": null, "requirements": null, "type": "standard"}, {"id": 324, "user_id": 19, "team_id": null, "name": "Hint 27", "description": "Hint for Tunnels 301", "date": "2019-09-08T19:58:21", "value": -1, "category": "hints", "icon": null, "requirements": null, "type": "standard"}, {"id": 325, "user_id": 19, "team_id": null, "name": "Hint 28", "description": "Hint for Tunnels 301", "date": "2019-09-08T19:59:19", "value": -1, "category": "hints", "icon": null, "requirements": null, "type": "standard"}, {"id": 326, "user_id": 19, "team_id": null, "name": "Hint 29", "description": "Hint for Tunnels 301", "date": "2019-09-08T19:59:30", "value": -1, "category": "hints", "icon": null, "requirements": null, "type": "standard"}, {"id": 327, "user_id": 19, "team_id": null, "name": "Hint 34", "description": "Hint for Tunnels 301", "date": "2019-09-08T19:59:34", "value": -5, "category": "hints", "icon": null, "requirements": null, "type": "standard"}, {"id": 328, "user_id": 21, "team_id": null, "name": "Hint 25", "description": "Hint for Tunnels 301", "date": "2019-09-08T20:00:46", "value": -1, "category": "hints", "icon": null, "requirements": null, "type": "standard"}, {"id": 329, "user_id": 21, "team_id": null, "name": "Hint 26", "description": "Hint for Tunnels 301", "date": "2019-09-08T20:00:53", "value": -1, "category": "hints", "icon": null, "requirements": null, "type": "standard"}, {"id": 330, "user_id": 21, "team_id": null, "name": "Hint 34", "description": "Hint for Tunnels 301", "date": "2019-09-08T20:01:17", "value": -5, "category": "hints", "icon": null, "requirements": null, "type": "standard"}, {"id": 331, "user_id": 13, "team_id": null, "name": "Hint 34", "description": "Hint for Tunnels 301", "date": "2019-09-08T20:01:46", "value": -5, "category": "hints", "icon": null, "requirements": null, "type": "standard"}, {"id": 332, "user_id": 19, "team_id": null, "name": "Hint 39", "description": "Hint for Tunnels 302", "date": "2019-09-08T20:03:37", "value": -5, "category": "hints", "icon": null, "requirements": null, "type": "standard"}], "meta": {}}