{"count": 10, "results": [{"id": 1, "name": "Submit Feedback", "description": "Please submit feedback!  Help us make this training better!\r\n\r\nhttps://bit.ly/2lFtPuf\r\n\r\nFlag is shown after taking the survey!", "max_attempts": 0, "value": 400, "category": "Meta", "type": "standard", "state": "visible", "requirements": null}, {"id": 2, "name": "Discovery 101", "description": "In a large tome this flag is tightly bound. It isn't worth much because it's easily found. \r\n\r\n`COG{}`", "max_attempts": 0, "value": 10, "category": "C2T2", "type": "standard", "state": "visible", "requirements": null}, {"id": 3, "name": "Access 101", "description": "A single user system this is not. Can you crack the code and untie the knot?", "max_attempts": 0, "value": 100, "category": "C2T2", "type": "standard", "state": "visible", "requirements": null}, {"id": 4, "name": "Access 102", "description": "Wax on, Wax off.  SSH in, logout.  Like sands through an hourglass these sessions come and go as fast as they were created.", "max_attempts": 0, "value": 100, "category": "C2T2", "type": "standard", "state": "visible", "requirements": null}, {"id": 5, "name": "Discovery 201", "description": "Find the ssh private key hidden on crust.  The professor thought it was punny to hide his key in a \"shared\" file\r\n", "max_attempts": 0, "value": 100, "category": "C2T2", "type": "standard", "state": "visible", "requirements": {"prerequisites": [4]}}, {"id": 6, "name": "Access 201", "description": "Prof is like a ghost, but whoever finds him needent boast.  Just ssh to his favorite host!\r\n", "max_attempts": 0, "value": 100, "category": "C2T2", "type": "standard", "state": "visible", "requirements": {"prerequisites": [4]}}, {"id": 7, "name": "Discovery 202", "description": "Host enumeration is hard, good thing we dont have to clean these logs.", "max_attempts": 0, "value": 100, "category": "C2T2", "type": "standard", "state": "visible", "requirements": {"prerequisites": [4]}}, {"id": 8, "name": "Tunnels 301", "description": "Looks like the Prof has `mantle` locked down tight, maybe that remote log could shed some light.\r\n", "max_attempts": 0, "value": 100, "category": "C2T2", "type": "standard", "state": "visible", "requirements": {"prerequisites": [6]}}, {"id": 9, "name": "Tunnels 302", "description": "After all this journey I hope the the payoff is worth the effort. On the other side of this tunnel it all looked so easy.\r\nStep inside the computer world...", "max_attempts": 0, "value": 100, "category": "C2T2", "type": "standard", "state": "visible", "requirements": {"prerequisites": [8]}}, {"id": 10, "name": "Sign-in", "description": "Please sign-in\r\n\r\nhttps://bit.ly/2k3LQSw\r\n\r\nFlag is given after form submission!", "max_attempts": 0, "value": 10, "category": "Meta", "type": "standard", "state": "visible", "requirements": null}], "meta": {}}