{"count": 10, "results": [{"id": 1, "challenge_id": 1, "type": "static", "content": "COG{1758a9e1-22ae-4d41-8916-ccc98ec0edbf}", "data": null}, {"id": 2, "challenge_id": 2, "type": "static", "content": "COG{17507e07-2f39-4b36-8843-bf304ee3ad1d}", "data": null}, {"id": 3, "challenge_id": 3, "type": "static", "content": "COG{17599eef-f2e6-4509-a2f2-c08d342134c7}", "data": null}, {"id": 4, "challenge_id": 5, "type": "static", "content": "COG{17515afd-0444-4779-891a-e70607e2b3de}", "data": ""}, {"id": 5, "challenge_id": 4, "type": "static", "content": "COG{175ae80e-051e-467f-8b0d-ee224af54574}", "data": null}, {"id": 6, "challenge_id": 6, "type": "static", "content": "COG{17515afd-0444-4779-891a-e70607e2b3de}", "data": null}, {"id": 7, "challenge_id": 7, "type": "static", "content": "COG{1754b4be-80ce-4bba-ae5d-56c6cabde758}", "data": null}, {"id": 8, "challenge_id": 8, "type": "static", "content": "COG{17576080-45d6-4b9f-9084-533ca9710548}", "data": null}, {"id": 9, "challenge_id": 9, "type": "static", "content": "COG{175be632-d86a-46b2-93b9-a60e565fb4db}", "data": null}, {"id": 10, "challenge_id": 10, "type": "static", "content": "COG{0b47cbc3-8035-45ba-aa21-d1789ec6f106}", "data": null}], "meta": {}}