{"count": 39, "results": [{"id": 1, "type": "standard", "challenge_id": 2, "content": "solution: `grep COG *.txt`", "cost": 1, "requirements": null}, {"id": 3, "type": "standard", "challenge_id": 3, "content": "hint: `sudo cat /etc/shadow`", "cost": 1, "requirements": null}, {"id": 4, "type": "standard", "challenge_id": 3, "content": "hint: axel is your mark and `john` is your friend", "cost": 1, "requirements": null}, {"id": 5, "type": "standard", "challenge_id": 3, "content": "hint: There sure are a lot of WORDS in this book.  Make sure to not PASS your eyes over all of them", "cost": 1, "requirements": null}, {"id": 6, "type": "standard", "challenge_id": 3, "content": "hint: Make a wordlist from heimskringla.txt. Wouldn't that be cewl?", "cost": 1, "requirements": null}, {"id": 7, "type": "standard", "challenge_id": 3, "content": "hint: Make sure to avoid the strong hash used for the 'student' user (65600 cycles is not fast)", "cost": 1, "requirements": null}, {"id": 8, "type": "standard", "challenge_id": 3, "content": "solution:\r\n```\r\n  sudo apt install cewl john\r\n  python -m SimpleHTTPServer &\r\n  cewl localhost:8000/heimskringla.txt -w words\r\n  sudo cat /etc/shadow | grep axel > axel-hash.txt\r\n  john --wordlist=words axel-hash.txt\r\n  john --show axel-hash.txt \r\n  su axel # password from john\r\n```\r\n", "cost": 5, "requirements": null}, {"id": 9, "type": "standard", "challenge_id": 4, "content": "hint: Watch for sessions coming or going from this machine", "cost": 1, "requirements": null}, {"id": 10, "type": "standard", "challenge_id": 4, "content": "hint: Network (or socket) statistics or packet dumping are both great ways to find connections of interest", "cost": 1, "requirements": null}, {"id": 11, "type": "standard", "challenge_id": 4, "content": "hint: \r\n```\r\n  watch -n1 -d ss -antp\r\n```\r\nor\r\n```\r\n  sudo tcpdump -ni ens3 not port 2222 and ip\r\n```\r\n", "cost": 1, "requirements": null}, {"id": 12, "type": "standard", "challenge_id": 4, "content": "solution: `ssh axel@c2t2-000-crust -p 1863`", "cost": 5, "requirements": null}, {"id": 13, "type": "standard", "challenge_id": 5, "content": "hint: A shared library or shared object is a file that is intended to be shared by executable files and further shared object files.", "cost": 1, "requirements": null}, {"id": 14, "type": "standard", "challenge_id": 5, "content": "hint: You will need to `find` the file somewhere on the filesystem.  `proc` and `sys` can be ignored", "cost": 1, "requirements": null}, {"id": 15, "type": "standard", "challenge_id": 5, "content": "hint: Filter out all the .so files which have the `file` types that is expected", "cost": 1, "requirements": null}, {"id": 16, "type": "standard", "challenge_id": 5, "content": "hint: When you you find the key the flag will be inside the key (`man ssh-keygen`)", "cost": 1, "requirements": null}, {"id": 17, "type": "standard", "challenge_id": 5, "content": "solution: this is an example solution, there are lots of possibilites:\r\n\r\n```\r\nfind / -iname \"*.so\" -exec file {} \\; 2> /dev/null | grep -v \"ELF\"\r\n\r\nssh-keygen -l -f <FILE>\r\n```", "cost": 5, "requirements": null}, {"id": 18, "type": "standard", "challenge_id": 6, "content": "hint: you may need to update the hostname that you find in the key (`c2t2-000-<hostname>`)", "cost": 1, "requirements": null}, {"id": 19, "type": "standard", "challenge_id": 6, "content": "solution: ssh lindenbrock@c2t2-000-mantle -i <FILE FOUND IN Discovery 201>", "cost": 5, "requirements": null}, {"id": 20, "type": "standard", "challenge_id": 7, "content": "hint: Evaluating the logs on a system is critical in understanding what system is being used for\r\n", "cost": 1, "requirements": null}, {"id": 21, "type": "standard", "challenge_id": 7, "content": "hint: Read and understand the `rsyslog` configuration file\r\n", "cost": 1, "requirements": null}, {"id": 22, "type": "standard", "challenge_id": 7, "content": "hint: Look for any logs which might be arriving from a remote hosts\r\n", "cost": 1, "requirements": null}, {"id": 23, "type": "standard", "challenge_id": 7, "content": "solution: `sudo grep COG /var/log/c2t2-*`\r\n", "cost": 5, "requirements": null}, {"id": 24, "type": "standard", "challenge_id": 8, "content": "hint: Looks like something is knocking, knocking on this bastion door\r\n", "cost": 1, "requirements": null}, {"id": 25, "type": "standard", "challenge_id": 8, "content": "hint: Maybe it's a message, coming from the core\r\n", "cost": 1, "requirements": null}, {"id": 26, "type": "standard", "challenge_id": 8, "content": "hint: Just because you can't get a login shell on this box doesn't mean ssh ins't useful!  What else can we do with ssh?\r\n", "cost": 1, "requirements": null}, {"id": 27, "type": "standard", "challenge_id": 8, "content": "hint: What is different about the sshd config which is coming back from mantle?\r\n", "cost": 1, "requirements": null}, {"id": 28, "type": "standard", "challenge_id": 8, "content": "hint: `man ssh` is your friend. I like the `-N` and the `-T` flags the most. Also something something `GatewayPorts`\r\n", "cost": 1, "requirements": null}, {"id": 29, "type": "standard", "challenge_id": 8, "content": "hint: Use the netstat output, which is also getting logged, to troubleshoot a port forward, what direction should a port forward go? \r\n", "cost": 1, "requirements": null}, {"id": 30, "type": "standard", "challenge_id": 8, "content": "hint: Reverse ssh port forwarding: `-R <remote listening interface IP>:<remote listening port>:<local interface IP>:<local port>`\r\n", "cost": 1, "requirements": null}, {"id": 31, "type": "standard", "challenge_id": 8, "content": "hint: `-R 0.0.0.0:1337:localhost:1337 -v`\r\n", "cost": 1, "requirements": null}, {"id": 32, "type": "standard", "challenge_id": 8, "content": "hint: Don't forget to setup something to listen for the inbound connection, `netcat` is always fun. \r\n", "cost": 1, "requirements": null}, {"id": 33, "type": "standard", "challenge_id": 8, "content": "hint: on crust (separate window): `nc -l -p 1337` \r\n", "cost": 1, "requirements": null}, {"id": 34, "type": "standard", "challenge_id": 8, "content": "solution: \r\n\r\n`ssh lindenbrock@c2t2-001-mantle -i /usr/lib/x86_64-linux-gnu/coreutils/libstdkey.so -NT -R 0.0.0.0:1337:localhost:1337 -v`\r\n\r\n`nc -l -p 1337`\r\n", "cost": 5, "requirements": null}, {"id": 35, "type": "standard", "challenge_id": 9, "content": "hint: make sure to use the correct hostname and port to get to core -- via mantle\r\n", "cost": 1, "requirements": null}, {"id": 36, "type": "standard", "challenge_id": 9, "content": "hint: Port forwarding works in the forward direction too, just not with the letter `F` -- it's `L` because the listening happens locally (not Remote listen like with Reverse forwarding, `R`))\r\n", "cost": 1, "requirements": null}, {"id": 37, "type": "standard", "challenge_id": 9, "content": "hint: Forward ssh port forwarding: `-L <local listen ip>:<local listen port>:<remote target ip>:<remote target port>`\r\n", "cost": 1, "requirements": null}, {"id": 38, "type": "standard", "challenge_id": 9, "content": "hint: `-L 22175:c2t2-000-core:22175 -v`\r\n", "cost": 1, "requirements": null}, {"id": 39, "type": "standard", "challenge_id": 9, "content": "solution: \r\n\r\n`ssh lindenbrock@c2t2-001-mantle -i /usr/lib/x86_64-linux-gnu/coreutils/libstdkey.so -NT -L 22175:c2t2-001-core:22175 -v`\r\n\r\n`ssh localhost -p 22175`\r\n\r\n(flag shown after you die)", "cost": 5, "requirements": null}, {"id": 40, "type": "standard", "challenge_id": 3, "content": "You CAN install things on this machine! Go for it!", "cost": 0, "requirements": null}], "meta": {}}