{"count": 2, "results": [{"id": 1, "title": "None", "route": "index", "content": "<div class=\"row\">\r\n    <div class=\"col-md-6 offset-md-3\">\r\n        <h1 class=\"text-center\" class=\"w-100 mx-auto d-block\" style=\"max-width: 800px;padding: 50px;padding-top: 14vh;\" >\r\n            <p>Command and Control with Tunnels Training</p>\r\n        </h1>\r\n                <img src=\"https://i.imgur.com/NLdrXvE.gif\" />\r\n        <br>\r\n    </div>\r\n</div>", "draft": 0, "hidden": 0, "auth_required": 0}, {"id": 3, "title": "Student Links", "route": "links", "content": "<div class=\"row\">\r\n    <div class=\"col-md-6 offset-md-3\">\r\n        <h1 class=\"text-center\" class=\"w-100 mx-auto d-block\" style=\"max-width: 800px;padding: 50px;padding-top: 14vh;\" >\r\n            <p>Click only after you've been assigned a system!  Thanks!</p>\r\n        </h1>\r\n        <br>\r\n        <ul>\r\n          <li><a href=\"https://labs.alta3.com/tmux/c2t2-003-bchd\">Student 003</a></li>\r\n          <li><a href=\"https://labs.alta3.com/tmux/c2t2-004-bchd\">Student 004</a></li>\r\n          <li><a href=\"https://labs.alta3.com/tmux/c2t2-005-bchd\">Student 005</a></li>\r\n          <li><a href=\"https://labs.alta3.com/tmux/c2t2-006-bchd\">Student 006</a></li>\r\n          <li><a href=\"https://labs.alta3.com/tmux/c2t2-007-bchd\">Student 007</a></li>\r\n          <li><a href=\"https://labs.alta3.com/tmux/c2t2-008-bchd\">Student 008</a></li>\r\n          <li><a href=\"https://labs.alta3.com/tmux/c2t2-009-bchd\">Student 009</a></li>\r\n          <li><a href=\"https://labs.alta3.com/tmux/c2t2-010-bchd\">Student 010</a></li>\r\n          <li><a href=\"https://labs.alta3.com/tmux/c2t2-011-bchd\">Student 011</a></li>\r\n          <li><a href=\"https://labs.alta3.com/tmux/c2t2-012-bchd\">Student 012</a></li>\r\n          <li><a href=\"https://labs.alta3.com/tmux/c2t2-013-bchd\">Student 013</a></li>\r\n          <li><a href=\"https://labs.alta3.com/tmux/c2t2-014-bchd\">Student 014</a></li>\r\n          <li><a href=\"https://labs.alta3.com/tmux/c2t2-015-bchd\">Student 015</a></li>\r\n          <li><a href=\"https://labs.alta3.com/tmux/c2t2-016-bchd\">Student 016</a></li>\r\n          <li><a href=\"https://labs.alta3.com/tmux/c2t2-017-bchd\">Student 017</a></li>\r\n          <li><a href=\"https://labs.alta3.com/tmux/c2t2-018-bchd\">Student 018</a></li>\r\n          <li><a href=\"https://labs.alta3.com/tmux/c2t2-019-bchd\">Student 019</a></li>\r\n          <li><a href=\"https://labs.alta3.com/tmux/c2t2-020-bchd\">Student 020</a></li>\r\n          <li><a href=\"https://labs.alta3.com/tmux/c2t2-021-bchd\">Student 021</a></li>\r\n          <li><a href=\"https://labs.alta3.com/tmux/c2t2-022-bchd\">Student 022</a></li>\r\n          <li><a href=\"https://labs.alta3.com/tmux/c2t2-023-bchd\">Student 023</a></li>\r\n          <li><a href=\"https://labs.alta3.com/tmux/c2t2-024-bchd\">Student 024</a></li>\r\n          <li><a href=\"https://labs.alta3.com/tmux/c2t2-025-bchd\">Student 025</a></li>\r\n          <li><a href=\"https://labs.alta3.com/tmux/c2t2-026-bchd\">Student 026</a></li>\r\n          <li><a href=\"https://labs.alta3.com/tmux/c2t2-027-bchd\">Student 027</a></li>\r\n          <li><a href=\"https://labs.alta3.com/tmux/c2t2-028-bchd\">Student 028</a></li>\r\n          <li><a href=\"https://labs.alta3.com/tmux/c2t2-029-bchd\">Student 029</a></li>\r\n          <li><a href=\"https://labs.alta3.com/tmux/c2t2-030-bchd\">Student 030</a></li>\r\n          <li><a href=\"https://labs.alta3.com/tmux/c2t2-031-bchd\">Student 031</a></li>\r\n          <li><a href=\"https://labs.alta3.com/tmux/c2t2-032-bchd\">Student 032</a></li>\r\n          <li><a href=\"https://labs.alta3.com/tmux/c2t2-033-bchd\">Student 033</a></li>\r\n          <li><a href=\"https://labs.alta3.com/tmux/c2t2-034-bchd\">Student 034</a></li>\r\n          <li><a href=\"https://labs.alta3.com/tmux/c2t2-035-bchd\">Student 035</a></li>\r\n          <li><a href=\"https://labs.alta3.com/tmux/c2t2-036-bchd\">Student 036</a></li>\r\n          <li><a href=\"https://labs.alta3.com/tmux/c2t2-037-bchd\">Student 037</a></li>\r\n          <li><a href=\"https://labs.alta3.com/tmux/c2t2-038-bchd\">Student 038</a></li>\r\n          <li><a href=\"https://labs.alta3.com/tmux/c2t2-039-bchd\">Student 039</a></li>\r\n          <li><a href=\"https://labs.alta3.com/tmux/c2t2-040-bchd\">Student 040</a></li>\r\n        </ul>\r\n    </div>\r\n</div>\r\n", "draft": 0, "hidden": 0, "auth_required": 1}], "meta": {}}