{"count": 108, "results": [{"id": 3, "challenge_id": 2, "user_id": 3, "team_id": null}, {"id": 13, "challenge_id": 3, "user_id": 3, "team_id": null}, {"id": 15, "challenge_id": 2, "user_id": 2, "team_id": null}, {"id": 18, "challenge_id": 4, "user_id": 3, "team_id": null}, {"id": 19, "challenge_id": 2, "user_id": 4, "team_id": null}, {"id": 20, "challenge_id": 10, "user_id": 5, "team_id": null}, {"id": 21, "challenge_id": 2, "user_id": 5, "team_id": null}, {"id": 22, "challenge_id": 3, "user_id": 5, "team_id": null}, {"id": 23, "challenge_id": 10, "user_id": 6, "team_id": null}, {"id": 26, "challenge_id": 2, "user_id": 6, "team_id": null}, {"id": 27, "challenge_id": 3, "user_id": 6, "team_id": null}, {"id": 28, "challenge_id": 4, "user_id": 5, "team_id": null}, {"id": 29, "challenge_id": 4, "user_id": 6, "team_id": null}, {"id": 32, "challenge_id": 10, "user_id": 8, "team_id": null}, {"id": 33, "challenge_id": 10, "user_id": 16, "team_id": null}, {"id": 34, "challenge_id": 2, "user_id": 14, "team_id": null}, {"id": 37, "challenge_id": 10, "user_id": 10, "team_id": null}, {"id": 38, "challenge_id": 2, "user_id": 16, "team_id": null}, {"id": 40, "challenge_id": 10, "user_id": 7, "team_id": null}, {"id": 44, "challenge_id": 2, "user_id": 7, "team_id": null}, {"id": 49, "challenge_id": 2, "user_id": 9, "team_id": null}, {"id": 51, "challenge_id": 3, "user_id": 14, "team_id": null}, {"id": 53, "challenge_id": 2, "user_id": 10, "team_id": null}, {"id": 54, "challenge_id": 10, "user_id": 14, "team_id": null}, {"id": 55, "challenge_id": 10, "user_id": 9, "team_id": null}, {"id": 58, "challenge_id": 10, "user_id": 17, "team_id": null}, {"id": 59, "challenge_id": 10, "user_id": 12, "team_id": null}, {"id": 62, "challenge_id": 3, "user_id": 9, "team_id": null}, {"id": 63, "challenge_id": 2, "user_id": 12, "team_id": null}, {"id": 64, "challenge_id": 10, "user_id": 19, "team_id": null}, {"id": 65, "challenge_id": 5, "user_id": 6, "team_id": null}, {"id": 66, "challenge_id": 10, "user_id": 18, "team_id": null}, {"id": 69, "challenge_id": 2, "user_id": 18, "team_id": null}, {"id": 72, "challenge_id": 2, "user_id": 17, "team_id": null}, {"id": 75, "challenge_id": 10, "user_id": 15, "team_id": null}, {"id": 78, "challenge_id": 2, "user_id": 13, "team_id": null}, {"id": 80, "challenge_id": 2, "user_id": 19, "team_id": null}, {"id": 81, "challenge_id": 3, "user_id": 19, "team_id": null}, {"id": 82, "challenge_id": 3, "user_id": 13, "team_id": null}, {"id": 85, "challenge_id": 10, "user_id": 21, "team_id": null}, {"id": 86, "challenge_id": 2, "user_id": 21, "team_id": null}, {"id": 87, "challenge_id": 5, "user_id": 5, "team_id": null}, {"id": 89, "challenge_id": 3, "user_id": 16, "team_id": null}, {"id": 90, "challenge_id": 6, "user_id": 6, "team_id": null}, {"id": 91, "challenge_id": 3, "user_id": 18, "team_id": null}, {"id": 92, "challenge_id": 6, "user_id": 5, "team_id": null}, {"id": 93, "challenge_id": 7, "user_id": 6, "team_id": null}, {"id": 94, "challenge_id": 4, "user_id": 16, "team_id": null}, {"id": 96, "challenge_id": 3, "user_id": 17, "team_id": null}, {"id": 99, "challenge_id": 4, "user_id": 18, "team_id": null}, {"id": 100, "challenge_id": 4, "user_id": 9, "team_id": null}, {"id": 101, "challenge_id": 4, "user_id": 17, "team_id": null}, {"id": 102, "challenge_id": 7, "user_id": 5, "team_id": null}, {"id": 103, "challenge_id": 5, "user_id": 16, "team_id": null}, {"id": 104, "challenge_id": 6, "user_id": 16, "team_id": null}, {"id": 105, "challenge_id": 4, "user_id": 14, "team_id": null}, {"id": 108, "challenge_id": 7, "user_id": 16, "team_id": null}, {"id": 110, "challenge_id": 3, "user_id": 10, "team_id": null}, {"id": 111, "challenge_id": 3, "user_id": 12, "team_id": null}, {"id": 112, "challenge_id": 4, "user_id": 12, "team_id": null}, {"id": 113, "challenge_id": 4, "user_id": 19, "team_id": null}, {"id": 114, "challenge_id": 5, "user_id": 18, "team_id": null}, {"id": 115, "challenge_id": 4, "user_id": 10, "team_id": null}, {"id": 117, "challenge_id": 3, "user_id": 21, "team_id": null}, {"id": 118, "challenge_id": 6, "user_id": 18, "team_id": null}, {"id": 119, "challenge_id": 5, "user_id": 9, "team_id": null}, {"id": 120, "challenge_id": 5, "user_id": 14, "team_id": null}, {"id": 121, "challenge_id": 7, "user_id": 18, "team_id": null}, {"id": 122, "challenge_id": 6, "user_id": 14, "team_id": null}, {"id": 123, "challenge_id": 6, "user_id": 9, "team_id": null}, {"id": 124, "challenge_id": 4, "user_id": 7, "team_id": null}, {"id": 126, "challenge_id": 10, "user_id": 23, "team_id": null}, {"id": 127, "challenge_id": 3, "user_id": 7, "team_id": null}, {"id": 128, "challenge_id": 7, "user_id": 9, "team_id": null}, {"id": 129, "challenge_id": 5, "user_id": 17, "team_id": null}, {"id": 130, "challenge_id": 8, "user_id": 6, "team_id": null}, {"id": 131, "challenge_id": 9, "user_id": 6, "team_id": null}, {"id": 132, "challenge_id": 10, "user_id": 24, "team_id": null}, {"id": 133, "challenge_id": 5, "user_id": 12, "team_id": null}, {"id": 134, "challenge_id": 4, "user_id": 13, "team_id": null}, {"id": 135, "challenge_id": 4, "user_id": 21, "team_id": null}, {"id": 136, "challenge_id": 5, "user_id": 13, "team_id": null}, {"id": 137, "challenge_id": 6, "user_id": 17, "team_id": null}, {"id": 138, "challenge_id": 5, "user_id": 7, "team_id": null}, {"id": 139, "challenge_id": 8, "user_id": 16, "team_id": null}, {"id": 140, "challenge_id": 6, "user_id": 12, "team_id": null}, {"id": 141, "challenge_id": 8, "user_id": 18, "team_id": null}, {"id": 142, "challenge_id": 7, "user_id": 17, "team_id": null}, {"id": 144, "challenge_id": 5, "user_id": 19, "team_id": null}, {"id": 145, "challenge_id": 6, "user_id": 7, "team_id": null}, {"id": 146, "challenge_id": 7, "user_id": 7, "team_id": null}, {"id": 147, "challenge_id": 7, "user_id": 12, "team_id": null}, {"id": 148, "challenge_id": 7, "user_id": 10, "team_id": null}, {"id": 149, "challenge_id": 6, "user_id": 13, "team_id": null}, {"id": 150, "challenge_id": 6, "user_id": 10, "team_id": null}, {"id": 152, "challenge_id": 7, "user_id": 14, "team_id": null}, {"id": 153, "challenge_id": 9, "user_id": 16, "team_id": null}, {"id": 155, "challenge_id": 6, "user_id": 19, "team_id": null}, {"id": 156, "challenge_id": 5, "user_id": 21, "team_id": null}, {"id": 157, "challenge_id": 6, "user_id": 21, "team_id": null}, {"id": 158, "challenge_id": 8, "user_id": 9, "team_id": null}, {"id": 159, "challenge_id": 7, "user_id": 13, "team_id": null}, {"id": 162, "challenge_id": 7, "user_id": 19, "team_id": null}, {"id": 163, "challenge_id": 9, "user_id": 9, "team_id": null}, {"id": 164, "challenge_id": 10, "user_id": 13, "team_id": null}, {"id": 165, "challenge_id": 7, "user_id": 21, "team_id": null}, {"id": 166, "challenge_id": 8, "user_id": 19, "team_id": null}, {"id": 167, "challenge_id": 1, "user_id": 19, "team_id": null}], "meta": {}}